"STATION","NAME","LATITUDE","LONGITUDE","ELEVATION","DATE","PRCP","PRCP_ATTRIBUTES","SNOW","SNOW_ATTRIBUTES","SNWD","SNWD_ATTRIBUTES","TAVG","TAVG_ATTRIBUTES"
"USW00014837","MADISON DANE CO REGIONAL AIRPORT, WI US","43.1405","-89.3452","264.0","2019-09-01","0.0",",,W,2400","0.0",",,W","0.0",",,W,2400","17.7","H,,S"
"USW00014837","MADISON DANE CO REGIONAL AIRPORT, WI US","43.1405","-89.3452","264.0","2019-09-02","4.1",",,W,2400","0.0",",,W","0.0",",,W,2400","21.2","H,,S"
"USW00014837","MADISON DANE CO REGIONAL AIRPORT, WI US","43.1405","-89.3452","264.0","2019-09-03","4.8",",,W,2400","0.0",",,W","0.0",",,W,2400","22.3","H,,S"
"USW00014837","MADISON DANE CO REGIONAL AIRPORT, WI US","43.1405","-89.3452","264.0","2019-09-04","0.0",",,W,2400","0.0",",,W","0.0",",,W,2400","17.2","H,,S"
"USW00014837","MADISON DANE CO REGIONAL AIRPORT, WI US","43.1405","-89.3452","264.0","2019-09-05","0.0","T,,W,2400","0.0",",,W","0.0",",,W,2400","15.6","H,,S"
"USW00014837","MADISON DANE CO REGIONAL AIRPORT, WI US","43.1405","-89.3452","264.0","2019-09-06","0.0",",,W,2400","0.0",",,W","0.0",",,W,2400","19.8","H,,S"
"USW00014837","MADISON DANE CO REGIONAL AIRPORT, WI US","43.1405","-89.3452","264.0","2019-09-07","0.0",",,W,2400","0.0",",,W","0.0",",,W,2400","16.5","H,,S"
"USW00014837","MADISON DANE CO REGIONAL AIRPORT, WI US","43.1405","-89.3452","264.0","2019-09-08","0.5",",,W,2400","0.0",",,W","0.0",",,W,2400","15.3","H,,S"
"USW00014837","MADISON DANE CO REGIONAL AIRPORT, WI US","43.1405","-89.3452","264.0","2019-09-09","8.9",",,W,2400","0.0",",,W","0.0",",,W,2400","16.3","H,,S"
"USW00014837","MADISON DANE CO REGIONAL AIRPORT, WI US","43.1405","-89.3452","264.0","2019-09-10","20.6",",,W,2400","0.0",",,W","0.0",",,W,2400","21.8","H,,S"
"USW00014837","MADISON DANE CO REGIONAL AIRPORT, WI US","43.1405","-89.3452","264.0","2019-09-11","7.9",",,W,2400","0.0",",,W","0.0",",,W,2400","22.8","H,,S"
"USW00014837","MADISON DANE CO REGIONAL AIRPORT, WI US","43.1405","-89.3452","264.0","2019-09-12","43.7",",,W,2400","0.0",",,W","0.0",",,W,2400","18.3","H,,S"
"USW00014837","MADISON DANE CO REGIONAL AIRPORT, WI US","43.1405","-89.3452","264.0","2019-09-13","0.0",",,W,2400","0.0",",,W","0.0",",,W,2400","19.7","H,,S"
"USW00014837","MADISON DANE CO REGIONAL AIRPORT, WI US","43.1405","-89.3452","264.0","2019-09-14","0.0",",,W,2400","0.0",",,W","0.0",",,W,2400","17.3","H,,S"
"USW00014837","MADISON DANE CO REGIONAL AIRPORT, WI US","43.1405","-89.3452","264.0","2019-09-15","0.3",",,W,2400","0.0",",,W","0.0",",,W,2400","21.2","H,,S"
"USW00014837","MADISON DANE CO REGIONAL AIRPORT, WI US","43.1405","-89.3452","264.0","2019-09-16","0.0",",,W,2400","0.0",",,W","0.0",",,W,2400","20.2","H,,S"
"USW00014837","MADISON DANE CO REGIONAL AIRPORT, WI US","43.1405","-89.3452","264.0","2019-09-17","0.0",",,W,2400","0.0",",,W","0.0",",,W,2400","20.4","H,,S"
"USW00014837","MADISON DANE CO REGIONAL AIRPORT, WI US","43.1405","-89.3452","264.0","2019-09-18","0.0",",,W,2400","0.0",",,W","0.0",",,W,2400","21.3","H,,S"
"USW00014837","MADISON DANE CO REGIONAL AIRPORT, WI US","43.1405","-89.3452","264.0","2019-09-19","2.3",",,W,2400","0.0",",,W","0.0",",,W,2400","21.7","H,,S"
"USW00014837","MADISON DANE CO REGIONAL AIRPORT, WI US","43.1405","-89.3452","264.0","2019-09-20","0.0",",,W,2400","0.0",",,W","0.0",",,W,2400","21.0","H,,S"
"USW00014837","MADISON DANE CO REGIONAL AIRPORT, WI US","43.1405","-89.3452","264.0","2019-09-21","0.8",",,W,2400","0.0",",,W","0.0",",,W,2400","22.9","H,,S"
"USW00014837","MADISON DANE CO REGIONAL AIRPORT, WI US","43.1405","-89.3452","264.0","2019-09-22","48.0",",,W,2400","0.0",",,W","0.0",",,W,2400","21.3","H,,S"
"USW00014837","MADISON DANE CO REGIONAL AIRPORT, WI US","43.1405","-89.3452","264.0","2019-09-23","0.0",",,W,2400","0.0",",,W","0.0",",,W,2400","17.8","H,,S"
"USW00014837","MADISON DANE CO REGIONAL AIRPORT, WI US","43.1405","-89.3452","264.0","2019-09-24","0.0",",,W,2400","0.0",",,W","0.0",",,W,2400","18.4","H,,S"
"USW00014837","MADISON DANE CO REGIONAL AIRPORT, WI US","43.1405","-89.3452","264.0","2019-09-25","0.0","T,,W,2400","0.0",",,W","0.0",",,W,2400","20.8","H,,S"
"USW00014837","MADISON DANE CO REGIONAL AIRPORT, WI US","43.1405","-89.3452","264.0","2019-09-26","0.0","T,,W,2400","0.0",",,W","0.0",",,W,2400","16.2","H,,S"
"USW00014837","MADISON DANE CO REGIONAL AIRPORT, WI US","43.1405","-89.3452","264.0","2019-09-27","7.6",",,W,2400","0.0",",,W","0.0",",,W,2400","16.6","H,,S"
"USW00014837","MADISON DANE CO REGIONAL AIRPORT, WI US","43.1405","-89.3452","264.0","2019-09-28","0.3",",,W,2400","0.0",",,W","0.0",",,W,2400","15.5","H,,S"
"USW00014837","MADISON DANE CO REGIONAL AIRPORT, WI US","43.1405","-89.3452","264.0","2019-09-29","22.9",",,W,2400","0.0",",,W","0.0",",,W,2400","13.2","H,,S"
"USW00014837","MADISON DANE CO REGIONAL AIRPORT, WI US","43.1405","-89.3452","264.0","2019-09-30","0.3",",,W,2400","0.0",",,W","0.0",",,W,2400","20.7","H,,S"
"USW00014837","MADISON DANE CO REGIONAL AIRPORT, WI US","43.1405","-89.3452","264.0","2019-10-01","61.0",",,W,2400","0.0",",,W","0.0",",,W,2400","23.2","H,,S"
"USW00014837","MADISON DANE CO REGIONAL AIRPORT, WI US","43.1405","-89.3452","264.0","2019-10-02","24.1",",,W,2400","0.0",",,W","0.0",",,W,2400","14.9","H,,S"
"USW00014837","MADISON DANE CO REGIONAL AIRPORT, WI US","43.1405","-89.3452","264.0","2019-10-03","0.8",",,W,2400","0.0",",,W","0.0",",,W,2400","12.8","H,,S"
"USW00014837","MADISON DANE CO REGIONAL AIRPORT, WI US","43.1405","-89.3452","264.0","2019-10-04","0.0",",,W,2400","0.0",",,W","0.0",",,W,2400","9.4","H,,S"
"USW00014837","MADISON DANE CO REGIONAL AIRPORT, WI US","43.1405","-89.3452","264.0","2019-10-05","13.5",",,W,2400","0.0",",,W","0.0",",,W,2400","10.5","H,,S"
"USW00014837","MADISON DANE CO REGIONAL AIRPORT, WI US","43.1405","-89.3452","264.0","2019-10-06","0.0",",,W,2400","0.0",",,W","0.0",",,W,2400","13.3","H,,S"
"USW00014837","MADISON DANE CO REGIONAL AIRPORT, WI US","43.1405","-89.3452","264.0","2019-10-07","0.0",",,W,2400","0.0",",,W","0.0",",,W,2400","13.8","H,,S"
"USW00014837","MADISON DANE CO REGIONAL AIRPORT, WI US","43.1405","-89.3452","264.0","2019-10-08","0.0",",,W,2400","0.0",",,W","0.0",",,W,2400","11.6","H,,S"
"USW00014837","MADISON DANE CO REGIONAL AIRPORT, WI US","43.1405","-89.3452","264.0","2019-10-09","0.0",",,W,2400","0.0",",,W","0.0",",,W,2400","14.4","H,,S"
"USW00014837","MADISON DANE CO REGIONAL AIRPORT, WI US","43.1405","-89.3452","264.0","2019-10-10","1.8",",,W,2400","0.0",",,W","0.0",",,W,2400","15.7","H,,S"
"USW00014837","MADISON DANE CO REGIONAL AIRPORT, WI US","43.1405","-89.3452","264.0","2019-10-11","10.2",",,W,2400","0.0",",,W","0.0",",,W,2400","12.5","H,,S"
"USW00014837","MADISON DANE CO REGIONAL AIRPORT, WI US","43.1405","-89.3452","264.0","2019-10-12","0.3",",,W,2400","0.0",",,W","0.0",",,W,2400","4.1","H,,S"
"USW00014837","MADISON DANE CO REGIONAL AIRPORT, WI US","43.1405","-89.3452","264.0","2019-10-13","0.8",",,W,2400","0.0",",,W","0.0",",,W,2400","3.4","H,,S"
"USW00014837","MADISON DANE CO REGIONAL AIRPORT, WI US","43.1405","-89.3452","264.0","2019-10-14","0.0",",,W,2400","0.0",",,W","0.0",",,W,2400","4.9","H,,S"
"USW00014837","MADISON DANE CO REGIONAL AIRPORT, WI US","43.1405","-89.3452","264.0","2019-10-15","0.5",",,W,2400","0.0",",,W","0.0",",,W,2400","8.7","H,,S"
"USW00014837","MADISON DANE CO REGIONAL AIRPORT, WI US","43.1405","-89.3452","264.0","2019-10-16","0.0","T,,W,2400","0.0",",,W","0.0",",,W,2400","8.3","H,,S"
"USW00014837","MADISON DANE CO REGIONAL AIRPORT, WI US","43.1405","-89.3452","264.0","2019-10-17","0.0",",,W,2400","0.0",",,W","0.0",",,W,2400","7.7","H,,S"
"USW00014837","MADISON DANE CO REGIONAL AIRPORT, WI US","43.1405","-89.3452","264.0","2019-10-18","0.0",",,W,2400","0.0",",,W","0.0",",,W,2400","6.9","H,,S"
"USW00014837","MADISON DANE CO REGIONAL AIRPORT, WI US","43.1405","-89.3452","264.0","2019-10-19","0.3",",,W,2400","0.0",",,W","0.0",",,W,2400","11.9","H,,S"
"USW00014837","MADISON DANE CO REGIONAL AIRPORT, WI US","43.1405","-89.3452","264.0","2019-10-20","0.0",",,W,2400","0.0",",,W","0.0",",,W,2400","11.6","H,,S"
"USW00014837","MADISON DANE CO REGIONAL AIRPORT, WI US","43.1405","-89.3452","264.0","2019-10-21","8.6",",,W,2400","0.0",",,W","0.0",",,W,2400","12.5","H,,S"
"USW00014837","MADISON DANE CO REGIONAL AIRPORT, WI US","43.1405","-89.3452","264.0","2019-10-22","0.5",",,W,2400","0.0",",,W","0.0",",,W,2400","8.6","H,,S"
"USW00014837","MADISON DANE CO REGIONAL AIRPORT, WI US","43.1405","-89.3452","264.0","2019-10-23","3.6",",,W,2400","0.0",",,W","0.0",",,W,2400","7.9","H,,S"
"USW00014837","MADISON DANE CO REGIONAL AIRPORT, WI US","43.1405","-89.3452","264.0","2019-10-24","0.0",",,W,2400","0.0",",,W","0.0",",,W,2400","5.0","H,,S"
"USW00014837","MADISON DANE CO REGIONAL AIRPORT, WI US","43.1405","-89.3452","264.0","2019-10-25","0.0",",,W,2400","0.0",",,W","0.0",",,W,2400","2.7","H,,S"
"USW00014837","MADISON DANE CO REGIONAL AIRPORT, WI US","43.1405","-89.3452","264.0","2019-10-26","7.4",",,W,2400","0.0",",,W","0.0",",,W,2400","3.9","H,,S"
"USW00014837","MADISON DANE CO REGIONAL AIRPORT, WI US","43.1405","-89.3452","264.0","2019-10-27","0.0","T,,W,2400","0.0",",,W","0.0",",,W,2400","7.2","H,,S"
"USW00014837","MADISON DANE CO REGIONAL AIRPORT, WI US","43.1405","-89.3452","264.0","2019-10-28","3.6",",,W,2400","25.0",",,W","0.0",",,W,2400","5.9","H,,S"
"USW00014837","MADISON DANE CO REGIONAL AIRPORT, WI US","43.1405","-89.3452","264.0","2019-10-29","4.1",",,W,2400","51.0",",,W","80.0",",,W,2400","1.5","H,,S"
"USW00014837","MADISON DANE CO REGIONAL AIRPORT, WI US","43.1405","-89.3452","264.0","2019-10-30","2.8",",,W,2400","28.0",",,W","30.0",",,W,2400","-1.1","H,,S"
"USW00014837","MADISON DANE CO REGIONAL AIRPORT, WI US","43.1405","-89.3452","264.0","2019-10-31","5.1",",,W,2400","102.0",",,W","80.0",",,W,2400","-1.8","H,,S"
"USW00014837","MADISON DANE CO REGIONAL AIRPORT, WI US","43.1405","-89.3452","264.0","2019-11-01","1.5",",,W,2400","10.0",",,W","130.0",",,W,2400","-1.9","H,,S"
"USW00014837","MADISON DANE CO REGIONAL AIRPORT, WI US","43.1405","-89.3452","264.0","2019-11-02","0.0","T,,W,2400","0.0","T,,W","30.0",",,W,2400","2.2","H,,S"
"USW00014837","MADISON DANE CO REGIONAL AIRPORT, WI US","43.1405","-89.3452","264.0","2019-11-03","3.3",",,W,2400","0.0",",,W","30.0",",,W,2400","1.6","H,,S"
"USW00014837","MADISON DANE CO REGIONAL AIRPORT, WI US","43.1405","-89.3452","264.0","2019-11-04","2.3",",,W,2400","0.0",",,W","0.0",",,W,2400","5.6","H,,S"
"USW00014837","MADISON DANE CO REGIONAL AIRPORT, WI US","43.1405","-89.3452","264.0","2019-11-05","0.0","T,,W,2400","0.0","T,,W","0.0",",,W,2400","0.7","H,,S"
"USW00014837","MADISON DANE CO REGIONAL AIRPORT, WI US","43.1405","-89.3452","264.0","2019-11-06","8.1",",,W,2400","104.0",",,W","30.0",",,W,2400","-1.2","H,,S"
"USW00014837","MADISON DANE CO REGIONAL AIRPORT, WI US","43.1405","-89.3452","264.0","2019-11-07","0.0",",,W,2400","0.0",",,W","80.0",",,W,2400","-5.7","H,,S"
"USW00014837","MADISON DANE CO REGIONAL AIRPORT, WI US","43.1405","-89.3452","264.0","2019-11-08","0.0",",,W,2400","0.0",",,W","50.0",",,W,2400","-8.3","H,,S"
"USW00014837","MADISON DANE CO REGIONAL AIRPORT, WI US","43.1405","-89.3452","264.0","2019-11-09","0.3",",,W,2400","0.0",",,W","50.0",",,W,2400","0.1","H,,S"
"USW00014837","MADISON DANE CO REGIONAL AIRPORT, WI US","43.1405","-89.3452","264.0","2019-11-10","0.3",",,W,2400","8.0",",,W","30.0",",,W,2400","2.2","H,,S"
"USW00014837","MADISON DANE CO REGIONAL AIRPORT, WI US","43.1405","-89.3452","264.0","2019-11-11","4.6",",,W,2400","64.0",",,W","50.0",",,W,2400","-4.9","H,,S"
"USW00014837","MADISON DANE CO REGIONAL AIRPORT, WI US","43.1405","-89.3452","264.0","2019-11-12","0.0",",,W,2400","0.0",",,W","50.0",",,W,2400","-11.7","H,,S"
"USW00014837","MADISON DANE CO REGIONAL AIRPORT, WI US","43.1405","-89.3452","264.0","2019-11-13","0.3",",,W,2400","5.0",",,W","30.0",",,W,2400","-9.0","H,,S"
"USW00014837","MADISON DANE CO REGIONAL AIRPORT, WI US","43.1405","-89.3452","264.0","2019-11-14","0.0","T,,W,2400","0.0","T,,W","30.0",",,W,2400","-4.6","H,,S"
"USW00014837","MADISON DANE CO REGIONAL AIRPORT, WI US","43.1405","-89.3452","264.0","2019-11-15","0.0",",,W,2400","0.0",",,W","30.0",",,W,2400","-1.7","H,,S"
"USW00014837","MADISON DANE CO REGIONAL AIRPORT, WI US","43.1405","-89.3452","264.0","2019-11-16","0.0",",,W,2400","0.0",",,W","0.0",",,W,2400","-0.9","H,,S"
"USW00014837","MADISON DANE CO REGIONAL AIRPORT, WI US","43.1405","-89.3452","264.0","2019-11-17","3.0",",,W,2400","3.0",",,W","0.0","T,,W,2400","0.3","H,,S"
"USW00014837","MADISON DANE CO REGIONAL AIRPORT, WI US","43.1405","-89.3452","264.0","2019-11-18","0.0","T,,W,2400","0.0","T,,W","0.0","T,,W,2400","0.9","H,,S"
"USW00014837","MADISON DANE CO REGIONAL AIRPORT, WI US","43.1405","-89.3452","264.0","2019-11-19","0.0","T,,W,2400","0.0","T,,W","0.0","T,,W,2400","0.8","H,,S"
"USW00014837","MADISON DANE CO REGIONAL AIRPORT, WI US","43.1405","-89.3452","264.0","2019-11-20","1.3",",,W,2400","0.0",",,W","0.0",",,W,2400","3.8","H,,S"
"USW00014837","MADISON DANE CO REGIONAL AIRPORT, WI US","43.1405","-89.3452","264.0","2019-11-21","13.0",",,W,2400","0.0",",,W","0.0",",,W,2400","7.0","H,,S"
"USW00014837","MADISON DANE CO REGIONAL AIRPORT, WI US","43.1405","-89.3452","264.0","2019-11-22","0.0","T,,W,2400","0.0","T,,W","0.0",",,W,2400","-1.1","H,,S"
"USW00014837","MADISON DANE CO REGIONAL AIRPORT, WI US","43.1405","-89.3452","264.0","2019-11-23","0.0",",,W,2400","0.0",",,W","0.0",",,W,2400","-0.6","H,,S"
"USW00014837","MADISON DANE CO REGIONAL AIRPORT, WI US","43.1405","-89.3452","264.0","2019-11-24","0.0","T,,W,2400","0.0",",,W","0.0",",,W,2400","3.2","H,,S"
"USW00014837","MADISON DANE CO REGIONAL AIRPORT, WI US","43.1405","-89.3452","264.0","2019-11-25","0.0","T,,W,2400","0.0",",,W","0.0",",,W,2400","3.8","H,,S"
"USW00014837","MADISON DANE CO REGIONAL AIRPORT, WI US","43.1405","-89.3452","264.0","2019-11-26","1.8",",,W,2400","0.0",",,W","0.0",",,W,2400","3.1","H,,S"
"USW00014837","MADISON DANE CO REGIONAL AIRPORT, WI US","43.1405","-89.3452","264.0","2019-11-27","18.0",",,W,2400","0.0",",,W","0.0",",,W,2400","3.5","H,,S"
"USW00014837","MADISON DANE CO REGIONAL AIRPORT, WI US","43.1405","-89.3452","264.0","2019-11-28","0.0",",,W,2400","0.0",",,W","0.0",",,W,2400","-0.6","H,,S"
"USW00014837","MADISON DANE CO REGIONAL AIRPORT, WI US","43.1405","-89.3452","264.0","2019-11-29","0.0","T,,W,2400","0.0","T,,W","0.0",",,W,2400","0.1","H,,S"
"USW00014837","MADISON DANE CO REGIONAL AIRPORT, WI US","43.1405","-89.3452","264.0","2019-11-30","9.1",",,W,2400","0.0","T,,W","0.0",",,W,2400","1.7","H,,S"
"USW00014837","MADISON DANE CO REGIONAL AIRPORT, WI US","43.1405","-89.3452","264.0","2019-12-01","1.0",",,W,2400","5.0",",,W","0.0",",,W,2400","1.5","H,,S"
"USW00014837","MADISON DANE CO REGIONAL AIRPORT, WI US","43.1405","-89.3452","264.0","2019-12-02","0.0",",,W,2400","0.0",",,W","0.0","T,,W,2400","-1.6","H,,S"
"USW00014837","MADISON DANE CO REGIONAL AIRPORT, WI US","43.1405","-89.3452","264.0","2019-12-03","0.0",",,W,2400","0.0",",,W","0.0",",,W,2400","-0.3","H,,S"
"USW00014837","MADISON DANE CO REGIONAL AIRPORT, WI US","43.1405","-89.3452","264.0","2019-12-04","0.0",",,W,2400","0.0",",,W","0.0",",,W,2400","1.5","H,,S"
"USW00014837","MADISON DANE CO REGIONAL AIRPORT, WI US","43.1405","-89.3452","264.0","2019-12-05","0.0",",,W,2400","0.0",",,W","0.0",",,W,2400","0.0","H,,S"
"USW00014837","MADISON DANE CO REGIONAL AIRPORT, WI US","43.1405","-89.3452","264.0","2019-12-06","0.0",",,W,2400","0.0",",,W","0.0",",,W,2400","1.6","H,,S"
"USW00014837","MADISON DANE CO REGIONAL AIRPORT, WI US","43.1405","-89.3452","264.0","2019-12-07","0.0",",,W,2400","0.0",",,W","0.0",",,W,2400","-1.4","H,,S"
"USW00014837","MADISON DANE CO REGIONAL AIRPORT, WI US","43.1405","-89.3452","264.0","2019-12-08","0.0",",,W,2400","0.0",",,W","0.0",",,W,2400","2.7","H,,S"
"USW00014837","MADISON DANE CO REGIONAL AIRPORT, WI US","43.1405","-89.3452","264.0","2019-12-09","1.0",",,W,2400","0.0","T,,W","0.0",",,W,2400","1.9","H,,S"
"USW00014837","MADISON DANE CO REGIONAL AIRPORT, WI US","43.1405","-89.3452","264.0","2019-12-10","0.0","T,,W,2400","3.0",",,W","0.0","T,,W,2400","-8.1","H,,S"
"USW00014837","MADISON DANE CO REGIONAL AIRPORT, WI US","43.1405","-89.3452","264.0","2019-12-11","0.0",",,W,2400","0.0",",,W","0.0",",,W,2400","-11.2","H,,S"
"USW00014837","MADISON DANE CO REGIONAL AIRPORT, WI US","43.1405","-89.3452","264.0","2019-12-12","0.0","T,,W,2400","0.0","T,,W","0.0",",,W,2400","-4.8","H,,S"
"USW00014837","MADISON DANE CO REGIONAL AIRPORT, WI US","43.1405","-89.3452","264.0","2019-12-13","0.0",",,W,2400","0.0",",,W","0.0",",,W,2400","-0.1","H,,S"
"USW00014837","MADISON DANE CO REGIONAL AIRPORT, WI US","43.1405","-89.3452","264.0","2019-12-14","0.0","T,,W,2400","0.0","T,,W","0.0",",,W,2400","-2.9","H,,S"
"USW00014837","MADISON DANE CO REGIONAL AIRPORT, WI US","43.1405","-89.3452","264.0","2019-12-15","0.0","T,,W,2400","0.0","T,,W","0.0",",,W,2400","-8.6","H,,S"
"USW00014837","MADISON DANE CO REGIONAL AIRPORT, WI US","43.1405","-89.3452","264.0","2019-12-16","0.3",",,W,2400","5.0",",,W","0.0","T,,W,2400","-5.5","H,,S"
"USW00014837","MADISON DANE CO REGIONAL AIRPORT, WI US","43.1405","-89.3452","264.0","2019-12-17","0.0","T,,W,2400","0.0","T,,W","0.0",",,W,2400","-5.5","H,,S"
"USW00014837","MADISON DANE CO REGIONAL AIRPORT, WI US","43.1405","-89.3452","264.0","2019-12-18","0.0",",,W,2400","0.0","T,,W","0.0",",,W,2400","-10.3","H,,S"
"USW00014837","MADISON DANE CO REGIONAL AIRPORT, WI US","43.1405","-89.3452","264.0","2019-12-19","0.0",",,W,2400","0.0",",,W","0.0",",,W,2400","-6.0","H,,S"
"USW00014837","MADISON DANE CO REGIONAL AIRPORT, WI US","43.1405","-89.3452","264.0","2019-12-20","0.0",",,W,2400","0.0",",,W","0.0",",,W,2400","-2.0","H,,S"
"USW00014837","MADISON DANE CO REGIONAL AIRPORT, WI US","43.1405","-89.3452","264.0","2019-12-21","0.0",",,W,2400","0.0",",,W","0.0",",,W,2400","2.3","H,,S"
"USW00014837","MADISON DANE CO REGIONAL AIRPORT, WI US","43.1405","-89.3452","264.0","2019-12-22","0.0",",,W,2400","0.0",",,W","0.0",",,W,2400","4.7","H,,S"
"USW00014837","MADISON DANE CO REGIONAL AIRPORT, WI US","43.1405","-89.3452","264.0","2019-12-23","0.0",",,W,2400","0.0",",,W","0.0",",,W,2400","4.2","H,,S"
"USW00014837","MADISON DANE CO REGIONAL AIRPORT, WI US","43.1405","-89.3452","264.0","2019-12-24","0.0",",,W,2400","0.0",",,W","0.0",",,W,2400","2.9","H,,S"
"USW00014837","MADISON DANE CO REGIONAL AIRPORT, WI US","43.1405","-89.3452","264.0","2019-12-25","0.0",",,W,2400","0.0",",,W","0.0",",,W,2400","4.1","H,,S"
"USW00014837","MADISON DANE CO REGIONAL AIRPORT, WI US","43.1405","-89.3452","264.0","2019-12-26","0.0",",,W,2400","0.0",",,W","0.0",",,W,2400","5.8","H,,S"
"USW00014837","MADISON DANE CO REGIONAL AIRPORT, WI US","43.1405","-89.3452","264.0","2019-12-27","0.0",",,W,2400","0.0",",,W","0.0",",,W,2400","0.9","H,,S"
"USW00014837","MADISON DANE CO REGIONAL AIRPORT, WI US","43.1405","-89.3452","264.0","2019-12-28","15.0",",,W,2400","0.0","T,,W","0.0",",,W,2400","-1.5","H,,S"
"USW00014837","MADISON DANE CO REGIONAL AIRPORT, WI US","43.1405","-89.3452","264.0","2019-12-29","14.5",",,W,2400","0.0",",,W","0.0",",,W,2400","8.4","H,,S"
"USW00014837","MADISON DANE CO REGIONAL AIRPORT, WI US","43.1405","-89.3452","264.0","2019-12-30","5.3",",,W,2400","38.0",",,W","0.0",",,W,2400","2.6","H,,S"
"USW00014837","MADISON DANE CO REGIONAL AIRPORT, WI US","43.1405","-89.3452","264.0","2019-12-31","1.5",",,W,2400","23.0",",,W","50.0",",,W,2400","-3.7","H,,S"
"USW00014837","MADISON DANE CO REGIONAL AIRPORT, WI US","43.1405","-89.3452","264.0","2020-01-01","0.0",",,W,2400","0.0",",,W","50.0",",,W,2400","-4.3","H,,S"
"USW00014837","MADISON DANE CO REGIONAL AIRPORT, WI US","43.1405","-89.3452","264.0","2020-01-02","0.0",",,W,2400","0.0",",,W","50.0",",,W,2400","4.2","H,,S"
"USW00014837","MADISON DANE CO REGIONAL AIRPORT, WI US","43.1405","-89.3452","264.0","2020-01-03","0.0",",,W,2400","0.0",",,W","0.0",",,W,2400","1.3","H,,S"
"USW00014837","MADISON DANE CO REGIONAL AIRPORT, WI US","43.1405","-89.3452","264.0","2020-01-04","0.0","T,,W,2400","0.0","T,,W","0.0",",,W,2400","-1.0","H,,S"
"USW00014837","MADISON DANE CO REGIONAL AIRPORT, WI US","43.1405","-89.3452","264.0","2020-01-05","0.0",",,W,2400","0.0",",,W","0.0",",,W,2400","-1.9","H,,S"
"USW00014837","MADISON DANE CO REGIONAL AIRPORT, WI US","43.1405","-89.3452","264.0","2020-01-06","0.0",",,W,2400","0.0",",,W","0.0",",,W,2400","0.2","H,,S"
"USW00014837","MADISON DANE CO REGIONAL AIRPORT, WI US","43.1405","-89.3452","264.0","2020-01-07","0.0",",,W,2400","0.0",",,W","0.0",",,W,2400","0.8","H,,S"
"USW00014837","MADISON DANE CO REGIONAL AIRPORT, WI US","43.1405","-89.3452","264.0","2020-01-08","0.0",",,W,2400","0.0",",,W","0.0",",,W,2400","-8.7","H,,S"
"USW00014837","MADISON DANE CO REGIONAL AIRPORT, WI US","43.1405","-89.3452","264.0","2020-01-09","0.3",",,W,2400","0.0",",,W","0.0",",,W,2400","-1.4","H,,S"
"USW00014837","MADISON DANE CO REGIONAL AIRPORT, WI US","43.1405","-89.3452","264.0","2020-01-10","11.9",",,W,2400","64.0",",,W","0.0",",,W,2400","1.8","H,,S"
"USW00014837","MADISON DANE CO REGIONAL AIRPORT, WI US","43.1405","-89.3452","264.0","2020-01-11","1.3",",,W,2400","15.0",",,W","50.0",",,W,2400","-3.8","H,,S"
"USW00014837","MADISON DANE CO REGIONAL AIRPORT, WI US","43.1405","-89.3452","264.0","2020-01-12","4.3",",,W,2400","48.0",",,W","50.0",",,W,2400","-6.8","H,,S"
"USW00014837","MADISON DANE CO REGIONAL AIRPORT, WI US","43.1405","-89.3452","264.0","2020-01-13","0.5",",,W,2400","10.0",",,W","100.0",",,W,2400","-2.9","H,,S"
"USW00014837","MADISON DANE CO REGIONAL AIRPORT, WI US","43.1405","-89.3452","264.0","2020-01-14","0.0","T,,W,2400","0.0","T,,W","80.0",",,W,2400","0.2","H,,S"
"USW00014837","MADISON DANE CO REGIONAL AIRPORT, WI US","43.1405","-89.3452","264.0","2020-01-15","0.5",",,W,2400","8.0",",,W","50.0",",,W,2400","-2.5","H,,S"
"USW00014837","MADISON DANE CO REGIONAL AIRPORT, WI US","43.1405","-89.3452","264.0","2020-01-16","0.0","T,,W,2400","0.0","T,,W","50.0",",,W,2400","-9.3","H,,S"
"USW00014837","MADISON DANE CO REGIONAL AIRPORT, WI US","43.1405","-89.3452","264.0","2020-01-17","7.4",",,W,2400","119.0",",,W","50.0",",,W,2400","-11.8","H,,S"
"USW00014837","MADISON DANE CO REGIONAL AIRPORT, WI US","43.1405","-89.3452","264.0","2020-01-18","3.8",",,W,2400","28.0",",,W","150.0",",,W,2400","-2.6","H,,S"
"USW00014837","MADISON DANE CO REGIONAL AIRPORT, WI US","43.1405","-89.3452","264.0","2020-01-19","0.0","T,,W,2400","0.0","T,,W","150.0",",,W,2400","-13.3","H,,S"
"USW00014837","MADISON DANE CO REGIONAL AIRPORT, WI US","43.1405","-89.3452","264.0","2020-01-20","0.0","T,,W,2400","0.0","T,,W","130.0",",,W,2400","-8.6","H,,S"
"USW00014837","MADISON DANE CO REGIONAL AIRPORT, WI US","43.1405","-89.3452","264.0","2020-01-21","0.0",",,W,2400","0.0",",,W","130.0",",,W,2400","-11.2","H,,S"
"USW00014837","MADISON DANE CO REGIONAL AIRPORT, WI US","43.1405","-89.3452","264.0","2020-01-22","0.5",",,W,2400","5.0",",,W","130.0",",,W,2400","-4.4","H,,S"
"USW00014837","MADISON DANE CO REGIONAL AIRPORT, WI US","43.1405","-89.3452","264.0","2020-01-23","2.0",",,W,2400","33.0",",,W","150.0",",,W,2400","-1.1","H,,S"
"USW00014837","MADISON DANE CO REGIONAL AIRPORT, WI US","43.1405","-89.3452","264.0","2020-01-24","6.4",",,W,2400","53.0",",,W","180.0",",,W,2400","0.5","H,,S"
"USW00014837","MADISON DANE CO REGIONAL AIRPORT, WI US","43.1405","-89.3452","264.0","2020-01-25","5.1",",,W,2400","89.0",",,W","230.0",",,W,2400","0.7","H,,S"
"USW00014837","MADISON DANE CO REGIONAL AIRPORT, WI US","43.1405","-89.3452","264.0","2020-01-26","0.0",",,W,2400","0.0",",,W","180.0",",,W,2400","-0.4","H,,S"
"USW00014837","MADISON DANE CO REGIONAL AIRPORT, WI US","43.1405","-89.3452","264.0","2020-01-27","0.0","T,,W,2400","3.0",",,W","180.0",",,W,2400","-1.7","H,,S"
"USW00014837","MADISON DANE CO REGIONAL AIRPORT, WI US","43.1405","-89.3452","264.0","2020-01-28","0.0","T,,W,2400","0.0","T,,W","180.0",",,W,2400","-1.8","H,,S"
"USW00014837","MADISON DANE CO REGIONAL AIRPORT, WI US","43.1405","-89.3452","264.0","2020-01-29","0.0",",,W,2400","0.0",",,W","150.0",",,W,2400","-4.3","H,,S"
"USW00014837","MADISON DANE CO REGIONAL AIRPORT, WI US","43.1405","-89.3452","264.0","2020-01-30","0.0","T,,W,2400","0.0","T,,W","150.0",",,W,2400","-3.1","H,,S"
"USW00014837","MADISON DANE CO REGIONAL AIRPORT, WI US","43.1405","-89.3452","264.0","2020-01-31","0.3",",,W,2400","3.0",",,W","150.0",",,W,2400","-1.3","H,,S"
"USW00014837","MADISON DANE CO REGIONAL AIRPORT, WI US","43.1405","-89.3452","264.0","2020-02-01","0.0",",,W,2400","0.0",",,W","150.0",",,W,2400","0.9","H,,S"
"USW00014837","MADISON DANE CO REGIONAL AIRPORT, WI US","43.1405","-89.3452","264.0","2020-02-02","0.0",",,W,2400","0.0",",,W","150.0",",,W,2400","4.9","H,,S"
"USW00014837","MADISON DANE CO REGIONAL AIRPORT, WI US","43.1405","-89.3452","264.0","2020-02-03","0.0",",,W,2400","0.0",",,W","130.0",",,W,2400","0.9","H,,S"
"USW00014837","MADISON DANE CO REGIONAL AIRPORT, WI US","43.1405","-89.3452","264.0","2020-02-04","0.0",",,W,2400","0.0",",,W","130.0",",,W,2400","-1.3","H,,S"
"USW00014837","MADISON DANE CO REGIONAL AIRPORT, WI US","43.1405","-89.3452","264.0","2020-02-05","0.0",",,W,2400","0.0",",,W","130.0",",,W,2400","-6.3","H,,S"
"USW00014837","MADISON DANE CO REGIONAL AIRPORT, WI US","43.1405","-89.3452","264.0","2020-02-06","0.0",",,W,2400","0.0",",,W","130.0",",,W,2400","-4.2","H,,S"
"USW00014837","MADISON DANE CO REGIONAL AIRPORT, WI US","43.1405","-89.3452","264.0","2020-02-07","0.0",",,W,2400","0.0",",,W","130.0",",,W,2400","-5.6","H,,S"
"USW00014837","MADISON DANE CO REGIONAL AIRPORT, WI US","43.1405","-89.3452","264.0","2020-02-08","0.0","T,,W,2400","0.0","T,,W","130.0",",,W,2400","-3.5","H,,S"
"USW00014837","MADISON DANE CO REGIONAL AIRPORT, WI US","43.1405","-89.3452","264.0","2020-02-09","9.4",",,W,2400","152.0",",,W","150.0",",,W,2400","-4.2","H,,S"
"USW00014837","MADISON DANE CO REGIONAL AIRPORT, WI US","43.1405","-89.3452","264.0","2020-02-10","0.0",",,W,2400","0.0",",,W","250.0",",,W,2400","-6.5","H,,S"
"USW00014837","MADISON DANE CO REGIONAL AIRPORT, WI US","43.1405","-89.3452","264.0","2020-02-11","0.0",",,W,2400","0.0",",,W","230.0",",,W,2400","-4.8","H,,S"
"USW00014837","MADISON DANE CO REGIONAL AIRPORT, WI US","43.1405","-89.3452","264.0","2020-02-12","2.0",",,W,2400","33.0",",,W","230.0",",,W,2400","-4.3","H,,S"
"USW00014837","MADISON DANE CO REGIONAL AIRPORT, WI US","43.1405","-89.3452","264.0","2020-02-13","0.8",",,W,2400","20.0",",,W","230.0",",,W,2400","-8.6","H,,S"
"USW00014837","MADISON DANE CO REGIONAL AIRPORT, WI US","43.1405","-89.3452","264.0","2020-02-14","0.0",",,W,2400","0.0",",,W","200.0",",,W,2400","-18.1","H,,S"
"USW00014837","MADISON DANE CO REGIONAL AIRPORT, WI US","43.1405","-89.3452","264.0","2020-02-15","0.0",",,W,2400","0.0",",,W","200.0",",,W,2400","-8.5","H,,S"
"USW00014837","MADISON DANE CO REGIONAL AIRPORT, WI US","43.1405","-89.3452","264.0","2020-02-16","0.0",",,W,2400","0.0",",,W","200.0",",,W,2400","-3.7","H,,S"
"USW00014837","MADISON DANE CO REGIONAL AIRPORT, WI US","43.1405","-89.3452","264.0","2020-02-17","11.7",",,W,2400","132.0",",,W","200.0",",,W,2400","-1.8","H,,S"
"USW00014837","MADISON DANE CO REGIONAL AIRPORT, WI US","43.1405","-89.3452","264.0","2020-02-18","0.0",",,W,2400","0.0","T,,W","330.0",",,W,2400","-0.6","H,,S"
"USW00014837","MADISON DANE CO REGIONAL AIRPORT, WI US","43.1405","-89.3452","264.0","2020-02-19","0.0",",,W,2400","0.0",",,W","300.0",",,W,2400","-9.6","H,,S"
"USW00014837","MADISON DANE CO REGIONAL AIRPORT, WI US","43.1405","-89.3452","264.0","2020-02-20","0.0",",,W,2400","0.0",",,W","280.0",",,W,2400","-14.2","H,,S"
"USW00014837","MADISON DANE CO REGIONAL AIRPORT, WI US","43.1405","-89.3452","264.0","2020-02-21","0.0",",,W,2400","0.0",",,W","280.0",",,W,2400","-8.9","H,,S"
"USW00014837","MADISON DANE CO REGIONAL AIRPORT, WI US","43.1405","-89.3452","264.0","2020-02-22","0.0",",,W,2400","0.0",",,W","250.0",",,W,2400","-0.3","H,,S"
"USW00014837","MADISON DANE CO REGIONAL AIRPORT, WI US","43.1405","-89.3452","264.0","2020-02-23","0.0",",,W,2400","0.0",",,W","250.0",",,W,2400","3.9","H,,S"
"USW00014837","MADISON DANE CO REGIONAL AIRPORT, WI US","43.1405","-89.3452","264.0","2020-02-24","0.0",",,W,2400","0.0",",,W","200.0",",,W,2400","0.8","H,,S"
"USW00014837","MADISON DANE CO REGIONAL AIRPORT, WI US","43.1405","-89.3452","264.0","2020-02-25","0.0",",,W,2400","0.0",",,W","200.0",",,W,2400","0.0","H,,S"
"USW00014837","MADISON DANE CO REGIONAL AIRPORT, WI US","43.1405","-89.3452","264.0","2020-02-26","0.0","T,,W,2400","0.0","T,,W","200.0",",,W,2400","-3.0","H,,S"
"USW00014837","MADISON DANE CO REGIONAL AIRPORT, WI US","43.1405","-89.3452","264.0","2020-02-27","0.0","T,,W,2400","0.0","T,,W","200.0",",,W,2400","-4.1","H,,S"
"USW00014837","MADISON DANE CO REGIONAL AIRPORT, WI US","43.1405","-89.3452","264.0","2020-02-28","0.0",",,W,2400","0.0",",,W","200.0",",,W,2400","-7.3","H,,S"
"USW00014837","MADISON DANE CO REGIONAL AIRPORT, WI US","43.1405","-89.3452","264.0","2020-02-29","0.0",",,W,2400","0.0",",,W","180.0",",,W,2400","-6.3","H,,S"
"USW00014837","MADISON DANE CO REGIONAL AIRPORT, WI US","43.1405","-89.3452","264.0","2020-03-01","0.0",",,W,2400","0.0",",,W","180.0",",,W,2400","2.5","H,,S"
"USW00014837","MADISON DANE CO REGIONAL AIRPORT, WI US","43.1405","-89.3452","264.0","2020-03-02","0.0",",,W,2400","0.0",",,W","150.0",",,W,2400","2.9","H,,S"
"USW00014837","MADISON DANE CO REGIONAL AIRPORT, WI US","43.1405","-89.3452","264.0","2020-03-03","1.5",",,W,2400","15.0",",,W","130.0",",,W,2400","1.4","H,,S"
"USW00014837","MADISON DANE CO REGIONAL AIRPORT, WI US","43.1405","-89.3452","264.0","2020-03-04","0.0",",,W,2400","0.0",",,W","130.0",",,W,2400","2.6","H,,S"
"USW00014837","MADISON DANE CO REGIONAL AIRPORT, WI US","43.1405","-89.3452","264.0","2020-03-05","0.0","T,,W,2400","3.0",",,W","100.0",",,W,2400","3.7","H,,S"
"USW00014837","MADISON DANE CO REGIONAL AIRPORT, WI US","43.1405","-89.3452","264.0","2020-03-06","0.0","T,,W,2400","0.0","T,,W","80.0",",,W,2400","0.3","H,,S"
"USW00014837","MADISON DANE CO REGIONAL AIRPORT, WI US","43.1405","-89.3452","264.0","2020-03-07","0.0",",,W,2400","0.0",",,W","80.0",",,W,2400","1.0","H,,S"
"USW00014837","MADISON DANE CO REGIONAL AIRPORT, WI US","43.1405","-89.3452","264.0","2020-03-08","0.0",",,W,2400","0.0",",,W","50.0",",,W,2400","8.3","H,,S"
"USW00014837","MADISON DANE CO REGIONAL AIRPORT, WI US","43.1405","-89.3452","264.0","2020-03-09","12.7",",,W,2400","0.0",",,W","0.0",",,W,2400","10.5","H,,S"
"USW00014837","MADISON DANE CO REGIONAL AIRPORT, WI US","43.1405","-89.3452","264.0","2020-03-10","0.0","T,,W,2400","0.0",",,W","0.0",",,W,2400","3.8","H,,S"
"USW00014837","MADISON DANE CO REGIONAL AIRPORT, WI US","43.1405","-89.3452","264.0","2020-03-11","5.8",",,W,2400","0.0",",,W","0.0",",,W,2400","4.6","H,,S"
"USW00014837","MADISON DANE CO REGIONAL AIRPORT, WI US","43.1405","-89.3452","264.0","2020-03-12","1.3",",,W,2400","0.0",",,W","0.0",",,W,2400","5.3","H,,S"
"USW00014837","MADISON DANE CO REGIONAL AIRPORT, WI US","43.1405","-89.3452","264.0","2020-03-13","0.0",",,W,2400","0.0",",,W","0.0",",,W,2400","4.0","H,,S"
"USW00014837","MADISON DANE CO REGIONAL AIRPORT, WI US","43.1405","-89.3452","264.0","2020-03-14","0.0",",,W,2400","0.0",",,W","0.0",",,W,2400","0.8","H,,S"
"USW00014837","MADISON DANE CO REGIONAL AIRPORT, WI US","43.1405","-89.3452","264.0","2020-03-15","0.0",",,W,2400","0.0",",,W","0.0",",,W,2400","-0.4","H,,S"
"USW00014837","MADISON DANE CO REGIONAL AIRPORT, WI US","43.1405","-89.3452","264.0","2020-03-16","0.0",",,W,2400","0.0",",,W","0.0",",,W,2400","0.7","H,,S"
"USW00014837","MADISON DANE CO REGIONAL AIRPORT, WI US","43.1405","-89.3452","264.0","2020-03-17","0.0",",,W,2400","0.0",",,W","0.0",",,W,2400","2.8","H,,S"
"USW00014837","MADISON DANE CO REGIONAL AIRPORT, WI US","43.1405","-89.3452","264.0","2020-03-18","8.6",",,W,2400","53.0",",,W","0.0",",,W,2400","2.8","H,,S"
"USW00014837","MADISON DANE CO REGIONAL AIRPORT, WI US","43.1405","-89.3452","264.0","2020-03-19","32.8",",,W,2400","0.0",",,W","0.0",",,W,2400","4.8","H,,S"
"USW00014837","MADISON DANE CO REGIONAL AIRPORT, WI US","43.1405","-89.3452","264.0","2020-03-20","8.6",",,W,2400","0.0","T,,W","0.0",",,W,2400","2.7","H,,S"
"USW00014837","MADISON DANE CO REGIONAL AIRPORT, WI US","43.1405","-89.3452","264.0","2020-03-21","0.0",",,W,2400","0.0",",,W","0.0",",,W,2400","-2.2","H,,S"
"USW00014837","MADISON DANE CO REGIONAL AIRPORT, WI US","43.1405","-89.3452","264.0","2020-03-22","0.0","T,,W,2400","0.0","T,,W","0.0",",,W,2400","-1.1","H,,S"
"USW00014837","MADISON DANE CO REGIONAL AIRPORT, WI US","43.1405","-89.3452","264.0","2020-03-23","0.0",",,W,2400","0.0",",,W","0.0",",,W,2400","1.6","H,,S"
"USW00014837","MADISON DANE CO REGIONAL AIRPORT, WI US","43.1405","-89.3452","264.0","2020-03-24","0.0",",,W,2400","0.0",",,W","0.0",",,W,2400","5.2","H,,S"
"USW00014837","MADISON DANE CO REGIONAL AIRPORT, WI US","43.1405","-89.3452","264.0","2020-03-25","0.8",",,W,2400","0.0",",,W","0.0",",,W,2400","5.4","H,,S"
"USW00014837","MADISON DANE CO REGIONAL AIRPORT, WI US","43.1405","-89.3452","264.0","2020-03-26","0.3",",,W,2400","0.0",",,W","0.0",",,W,2400","6.7","H,,S"
"USW00014837","MADISON DANE CO REGIONAL AIRPORT, WI US","43.1405","-89.3452","264.0","2020-03-27","3.3",",,W,2400","0.0",",,W","0.0",",,W,2400","5.6","H,,S"
"USW00014837","MADISON DANE CO REGIONAL AIRPORT, WI US","43.1405","-89.3452","264.0","2020-03-28","11.4",",,W,2400","0.0",",,W","0.0",",,W,2400","6.6","H,,S"
"USW00014837","MADISON DANE CO REGIONAL AIRPORT, WI US","43.1405","-89.3452","264.0","2020-03-29","1.0",",,W,2400","0.0",",,W","0.0",",,W,2400","6.8","H,,S"
"USW00014837","MADISON DANE CO REGIONAL AIRPORT, WI US","43.1405","-89.3452","264.0","2020-03-30","0.0",",,W,2400","0.0",",,W","0.0",",,W,2400","6.8","H,,S"
"USW00014837","MADISON DANE CO REGIONAL AIRPORT, WI US","43.1405","-89.3452","264.0","2020-03-31","0.0","T,,W,2400","0.0","T,,W","0.0",",,W,2400","3.6","H,,S"
"USW00014837","MADISON DANE CO REGIONAL AIRPORT, WI US","43.1405","-89.3452","264.0","2020-04-01","0.0",",,W,2400","0.0",",,W","0.0",",,W,2400","4.7","H,,S"
"USW00014837","MADISON DANE CO REGIONAL AIRPORT, WI US","43.1405","-89.3452","264.0","2020-04-02","0.0","T,,W,2400","0.0",",,W","0.0",",,W,2400","8.8","H,,S"
"USW00014837","MADISON DANE CO REGIONAL AIRPORT, WI US","43.1405","-89.3452","264.0","2020-04-03","2.3",",,W,2400","0.0",",,W","0.0",",,W,2400","12.3","H,,S"
"USW00014837","MADISON DANE CO REGIONAL AIRPORT, WI US","43.1405","-89.3452","264.0","2020-04-04","0.0","T,,W,2400","0.0",",,W","0.0",",,W,2400","4.1","H,,S"
"USW00014837","MADISON DANE CO REGIONAL AIRPORT, WI US","43.1405","-89.3452","264.0","2020-04-05","0.0",",,W,2400","0.0",",,W","0.0",",,W,2400","4.3","H,,S"
"USW00014837","MADISON DANE CO REGIONAL AIRPORT, WI US","43.1405","-89.3452","264.0","2020-04-06","0.8",",,W,2400","0.0",",,W","0.0",",,W,2400","8.1","H,,S"
"USW00014837","MADISON DANE CO REGIONAL AIRPORT, WI US","43.1405","-89.3452","264.0","2020-04-07","0.3",",,W,2400","0.0",",,W","0.0",",,W,2400","14.2","H,,S"
"USW00014837","MADISON DANE CO REGIONAL AIRPORT, WI US","43.1405","-89.3452","264.0","2020-04-08","6.6",",,W,2400","0.0",",,W","0.0",",,W,2400","11.4","H,,S"
"USW00014837","MADISON DANE CO REGIONAL AIRPORT, WI US","43.1405","-89.3452","264.0","2020-04-09","0.0","T,,W,2400","0.0","T,,W","0.0",",,W,2400","5.4","H,,S"
"USW00014837","MADISON DANE CO REGIONAL AIRPORT, WI US","43.1405","-89.3452","264.0","2020-04-10","0.0",",,W,2400","0.0",",,W","0.0",",,W,2400","2.9","H,,S"
"USW00014837","MADISON DANE CO REGIONAL AIRPORT, WI US","43.1405","-89.3452","264.0","2020-04-11","0.5",",,W,2400","0.0",",,W","0.0",",,W,2400","8.3","H,,S"
"USW00014837","MADISON DANE CO REGIONAL AIRPORT, WI US","43.1405","-89.3452","264.0","2020-04-12","12.2",",,W,2400","0.0","T,,W","0.0",",,W,2400","9.5","H,,S"
"USW00014837","MADISON DANE CO REGIONAL AIRPORT, WI US","43.1405","-89.3452","264.0","2020-04-13","0.5",",,W,2400","5.0",",,W","0.0","T,,W,2400","1.4","H,,S"
"USW00014837","MADISON DANE CO REGIONAL AIRPORT, WI US","43.1405","-89.3452","264.0","2020-04-14","0.0","T,,W,2400","0.0","T,,W","0.0",",,W,2400","-0.8","H,,S"
"USW00014837","MADISON DANE CO REGIONAL AIRPORT, WI US","43.1405","-89.3452","264.0","2020-04-15","0.0",",,W,2400","0.0",",,W","0.0",",,W,2400","-1.6","H,,S"
"USW00014837","MADISON DANE CO REGIONAL AIRPORT, WI US","43.1405","-89.3452","264.0","2020-04-16","0.0",",,W,2400","0.0",",,W","0.0",",,W,2400","0.4","H,,S"
"USW00014837","MADISON DANE CO REGIONAL AIRPORT, WI US","43.1405","-89.3452","264.0","2020-04-17","0.0",",,W,2400","0.0",",,W","0.0",",,W,2400","4.1","H,,S"
"USW00014837","MADISON DANE CO REGIONAL AIRPORT, WI US","43.1405","-89.3452","264.0","2020-04-18","0.0",",,W,2400","0.0",",,W","0.0",",,W,2400","7.1","H,,S"
"USW00014837","MADISON DANE CO REGIONAL AIRPORT, WI US","43.1405","-89.3452","264.0","2020-04-19","0.0",",,W,2400","0.0",",,W","0.0",",,W,2400","11.2","H,,S"
"USW00014837","MADISON DANE CO REGIONAL AIRPORT, WI US","43.1405","-89.3452","264.0","2020-04-20","0.3",",,W,2400","0.0",",,W","0.0",",,W,2400","8.4","H,,S"
"USW00014837","MADISON DANE CO REGIONAL AIRPORT, WI US","43.1405","-89.3452","264.0","2020-04-21","0.0",",,W,2400","0.0",",,W","0.0",",,W,2400","5.1","H,,S"
"USW00014837","MADISON DANE CO REGIONAL AIRPORT, WI US","43.1405","-89.3452","264.0","2020-04-22","9.7",",,W,2400","0.0",",,W","0.0",",,W,2400","7.4","H,,S"
"USW00014837","MADISON DANE CO REGIONAL AIRPORT, WI US","43.1405","-89.3452","264.0","2020-04-23","0.0",",,W,2400","0.0",",,W","0.0",",,W,2400","6.3","H,,S"
"USW00014837","MADISON DANE CO REGIONAL AIRPORT, WI US","43.1405","-89.3452","264.0","2020-04-24","1.0",",,W,2400","0.0",",,W","0.0",",,W,2400","6.5","H,,S"
"USW00014837","MADISON DANE CO REGIONAL AIRPORT, WI US","43.1405","-89.3452","264.0","2020-04-25","0.0",",,W,2400","0.0",",,W","0.0",",,W,2400","8.2","H,,S"
"USW00014837","MADISON DANE CO REGIONAL AIRPORT, WI US","43.1405","-89.3452","264.0","2020-04-26","0.0",",,W,2400","0.0",",,W","0.0",",,W,2400","10.7","H,,S"
"USW00014837","MADISON DANE CO REGIONAL AIRPORT, WI US","43.1405","-89.3452","264.0","2020-04-27","8.9",",,W,2400","0.0",",,W","0.0",",,W,2400","11.3","H,,S"
"USW00014837","MADISON DANE CO REGIONAL AIRPORT, WI US","43.1405","-89.3452","264.0","2020-04-28","0.0","T,,W,2400","0.0",",,W","0.0",",,W,2400","11.9","H,,S"
"USW00014837","MADISON DANE CO REGIONAL AIRPORT, WI US","43.1405","-89.3452","264.0","2020-04-29","8.9",",,W,2400","0.0",",,W","0.0",",,W,2400","10.3","H,,S"
"USW00014837","MADISON DANE CO REGIONAL AIRPORT, WI US","43.1405","-89.3452","264.0","2020-04-30","0.0",",,W,2400","0.0",",,W","0.0",",,W,2400","11.9","H,,S"
"USW00014837","MADISON DANE CO REGIONAL AIRPORT, WI US","43.1405","-89.3452","264.0","2020-05-01","0.0","T,,W,2400","0.0",",,W","0.0",",,W,2400","11.9","H,,S"
"USW00014837","MADISON DANE CO REGIONAL AIRPORT, WI US","43.1405","-89.3452","264.0","2020-05-02","0.0",",,W,2400","0.0",",,W","0.0",",,W,2400","17.8","H,,S"
"USW00014837","MADISON DANE CO REGIONAL AIRPORT, WI US","43.1405","-89.3452","264.0","2020-05-03","0.0",",,W,2400","0.0",",,W","0.0",",,W,2400","17.2","H,,S"
"USW00014837","MADISON DANE CO REGIONAL AIRPORT, WI US","43.1405","-89.3452","264.0","2020-05-04","0.0",",,W,2400","0.0",",,W","0.0",",,W,2400","9.0","H,,S"
"USW00014837","MADISON DANE CO REGIONAL AIRPORT, WI US","43.1405","-89.3452","264.0","2020-05-05","0.0","T,,W,2400","0.0",",,W","0.0",",,W,2400","7.3","H,,S"
"USW00014837","MADISON DANE CO REGIONAL AIRPORT, WI US","43.1405","-89.3452","264.0","2020-05-06","0.0",",,W,2400","0.0",",,W","0.0",",,W,2400","9.3","H,,S"
"USW00014837","MADISON DANE CO REGIONAL AIRPORT, WI US","43.1405","-89.3452","264.0","2020-05-07","0.0",",,W,2400","0.0",",,W","0.0",",,W,2400","12.4","H,,S"
"USW00014837","MADISON DANE CO REGIONAL AIRPORT, WI US","43.1405","-89.3452","264.0","2020-05-08","0.0",",,W,2400","0.0",",,W","0.0",",,W,2400","5.7","H,,S"
"USW00014837","MADISON DANE CO REGIONAL AIRPORT, WI US","43.1405","-89.3452","264.0","2020-05-09","0.0","T,,W,2400","0.0",",,W","0.0",",,W,2400","5.0","H,,S"
"USW00014837","MADISON DANE CO REGIONAL AIRPORT, WI US","43.1405","-89.3452","264.0","2020-05-10","9.9",",,W,2400","0.0","T,,W","0.0",",,W,2400","8.2","H,,S"
"USW00014837","MADISON DANE CO REGIONAL AIRPORT, WI US","43.1405","-89.3452","264.0","2020-05-11","0.0",",,W,2400","0.0",",,W","0.0",",,W,2400","5.6","H,,S"
"USW00014837","MADISON DANE CO REGIONAL AIRPORT, WI US","43.1405","-89.3452","264.0","2020-05-12","0.0",",,W,2400","0.0",",,W","0.0",",,W,2400","8.0","H,,S"
"USW00014837","MADISON DANE CO REGIONAL AIRPORT, WI US","43.1405","-89.3452","264.0","2020-05-13","5.3",",,W,2400","0.0",",,W","0.0",",,W,2400","9.8","H,,S"
"USW00014837","MADISON DANE CO REGIONAL AIRPORT, WI US","43.1405","-89.3452","264.0","2020-05-14","12.2",",,W,2400","0.0",",,W","0.0",",,W,2400","13.9","H,,S"
"USW00014837","MADISON DANE CO REGIONAL AIRPORT, WI US","43.1405","-89.3452","264.0","2020-05-15","0.0",",,W,2400","0.0",",,W","0.0",",,W,2400","17.0","H,,S"
"USW00014837","MADISON DANE CO REGIONAL AIRPORT, WI US","43.1405","-89.3452","264.0","2020-05-16","0.0",",,W,2400","0.0",",,W","0.0",",,W,2400","14.6","H,,S"
"USW00014837","MADISON DANE CO REGIONAL AIRPORT, WI US","43.1405","-89.3452","264.0","2020-05-17","51.8",",,W,2400","0.0",",,W","0.0",",,W,2400","12.3","H,,S"
"USW00014837","MADISON DANE CO REGIONAL AIRPORT, WI US","43.1405","-89.3452","264.0","2020-05-18","1.0",",,W,2400","0.0",",,W","0.0",",,W,2400","10.9","H,,S"
"USW00014837","MADISON DANE CO REGIONAL AIRPORT, WI US","43.1405","-89.3452","264.0","2020-05-19","0.0","T,,W,2400","0.0",",,W","0.0",",,W,2400","11.7","H,,S"
"USW00014837","MADISON DANE CO REGIONAL AIRPORT, WI US","43.1405","-89.3452","264.0","2020-05-20","0.0",",,W,2400","0.0",",,W","0.0",",,W,2400","15.3","H,,S"
"USW00014837","MADISON DANE CO REGIONAL AIRPORT, WI US","43.1405","-89.3452","264.0","2020-05-21","0.0","T,,W,2400","0.0",",,W","0.0",",,W,2400","15.7","H,,S"
"USW00014837","MADISON DANE CO REGIONAL AIRPORT, WI US","43.1405","-89.3452","264.0","2020-05-22","0.5",",,W,2400","0.0",",,W","0.0",",,W,2400","16.6","H,,S"
"USW00014837","MADISON DANE CO REGIONAL AIRPORT, WI US","43.1405","-89.3452","264.0","2020-05-23","20.3",",,W,2400","0.0",",,W","0.0",",,W,2400","16.9","H,,S"
"USW00014837","MADISON DANE CO REGIONAL AIRPORT, WI US","43.1405","-89.3452","264.0","2020-05-24","0.0","T,,W,2400","0.0",",,W","0.0",",,W,2400","19.8","H,,S"
"USW00014837","MADISON DANE CO REGIONAL AIRPORT, WI US","43.1405","-89.3452","264.0","2020-05-25","0.3",",,W,2400","0.0",",,W","0.0",",,W,2400","22.8","H,,S"
"USW00014837","MADISON DANE CO REGIONAL AIRPORT, WI US","43.1405","-89.3452","264.0","2020-05-26","0.0","T,,W,2400","0.0",",,W","0.0",",,W,2400","24.4","H,,S"
"USW00014837","MADISON DANE CO REGIONAL AIRPORT, WI US","43.1405","-89.3452","264.0","2020-05-27","0.0","T,,W,2400","0.0",",,W","0.0",",,W,2400","24.9","H,,S"
"USW00014837","MADISON DANE CO REGIONAL AIRPORT, WI US","43.1405","-89.3452","264.0","2020-05-28","36.3",",,W,2400","0.0",",,W","0.0",",,W,2400","21.4","H,,S"
"USW00014837","MADISON DANE CO REGIONAL AIRPORT, WI US","43.1405","-89.3452","264.0","2020-05-29","0.0",",,W,2400","0.0",",,W","0.0",",,W,2400","16.4","H,,S"
"USW00014837","MADISON DANE CO REGIONAL AIRPORT, WI US","43.1405","-89.3452","264.0","2020-05-30","0.0",",,W,2400","0.0",",,W","0.0",",,W,2400","15.1","H,,S"
"USW00014837","MADISON DANE CO REGIONAL AIRPORT, WI US","43.1405","-89.3452","264.0","2020-05-31","0.0",",,W,2400","0.0",",,W","0.0",",,W,2400","13.5","H,,S"
"USW00014837","MADISON DANE CO REGIONAL AIRPORT, WI US","43.1405","-89.3452","264.0","2020-06-01","0.0","T,,W,2400","0.0",",,W","0.0",",,W,2400","17.5","H,,S"
"USW00014837","MADISON DANE CO REGIONAL AIRPORT, WI US","43.1405","-89.3452","264.0","2020-06-02","15.7",",,W,2400","0.0",",,W","0.0",",,W,2400","25.3","H,,S"
"USW00014837","MADISON DANE CO REGIONAL AIRPORT, WI US","43.1405","-89.3452","264.0","2020-06-03","1.8",",,W,2400","0.0",",,W","0.0",",,W,2400","23.1","H,,S"
"USW00014837","MADISON DANE CO REGIONAL AIRPORT, WI US","43.1405","-89.3452","264.0","2020-06-04","0.0",",,W,2400","0.0",",,W","0.0",",,W,2400","23.8","H,,S"
"USW00014837","MADISON DANE CO REGIONAL AIRPORT, WI US","43.1405","-89.3452","264.0","2020-06-05","0.0","T,,W,2400","0.0",",,W","0.0",",,W,2400","24.4","H,,S"
"USW00014837","MADISON DANE CO REGIONAL AIRPORT, WI US","43.1405","-89.3452","264.0","2020-06-06","0.0",",,W,2400","0.0",",,W","0.0",",,W,2400","21.1","H,,S"
"USW00014837","MADISON DANE CO REGIONAL AIRPORT, WI US","43.1405","-89.3452","264.0","2020-06-07","0.0","T,,W,2400","0.0",",,W","0.0",",,W,2400","18.6","H,,S"
"USW00014837","MADISON DANE CO REGIONAL AIRPORT, WI US","43.1405","-89.3452","264.0","2020-06-08","0.0",",,W,2400","0.0",",,W","0.0",",,W,2400","23.9","H,,S"
"USW00014837","MADISON DANE CO REGIONAL AIRPORT, WI US","43.1405","-89.3452","264.0","2020-06-09","16.0",",,W,2400","0.0",",,W","0.0",",,W,2400","24.4","H,,S"
"USW00014837","MADISON DANE CO REGIONAL AIRPORT, WI US","43.1405","-89.3452","264.0","2020-06-10","31.2",",,W,2400","0.0",",,W","0.0",",,W,2400","21.9","H,,S"
"USW00014837","MADISON DANE CO REGIONAL AIRPORT, WI US","43.1405","-89.3452","264.0","2020-06-11","0.0","T,,W,2400","0.0",",,W","0.0",",,W,2400","18.4","H,,S"
"USW00014837","MADISON DANE CO REGIONAL AIRPORT, WI US","43.1405","-89.3452","264.0","2020-06-12","0.0",",,W,2400","0.0",",,W","0.0",",,W,2400","19.4","H,,S"
"USW00014837","MADISON DANE CO REGIONAL AIRPORT, WI US","43.1405","-89.3452","264.0","2020-06-13","0.0",",,W,2400","0.0",",,W","0.0",",,W,2400","14.2","H,,S"
"USW00014837","MADISON DANE CO REGIONAL AIRPORT, WI US","43.1405","-89.3452","264.0","2020-06-14","0.0",",,W,2400","0.0",",,W","0.0",",,W,2400","14.7","H,,S"
"USW00014837","MADISON DANE CO REGIONAL AIRPORT, WI US","43.1405","-89.3452","264.0","2020-06-15","0.0",",,W,2400","0.0",",,W","0.0",",,W,2400","16.7","H,,S"
"USW00014837","MADISON DANE CO REGIONAL AIRPORT, WI US","43.1405","-89.3452","264.0","2020-06-16","0.0",",,W,2400","0.0",",,W","0.0",",,W,2400","19.2","H,,S"
"USW00014837","MADISON DANE CO REGIONAL AIRPORT, WI US","43.1405","-89.3452","264.0","2020-06-17","0.0",",,W,2400","0.0",",,W","0.0",",,W,2400","22.6","H,,S"
"USW00014837","MADISON DANE CO REGIONAL AIRPORT, WI US","43.1405","-89.3452","264.0","2020-06-18","0.0",",,W,2400","0.0",",,W","0.0",",,W,2400","23.8","H,,S"
"USW00014837","MADISON DANE CO REGIONAL AIRPORT, WI US","43.1405","-89.3452","264.0","2020-06-19","0.0",",,W,2400","0.0",",,W","0.0",",,W,2400","24.2","H,,S"
"USW00014837","MADISON DANE CO REGIONAL AIRPORT, WI US","43.1405","-89.3452","264.0","2020-06-20","3.3",",,W,2400","0.0",",,W","0.0",",,W,2400","23.0","H,,S"
"USW00014837","MADISON DANE CO REGIONAL AIRPORT, WI US","43.1405","-89.3452","264.0","2020-06-21","0.0",",,W,2400","0.0",",,W","0.0",",,W,2400","22.3","H,,S"
"USW00014837","MADISON DANE CO REGIONAL AIRPORT, WI US","43.1405","-89.3452","264.0","2020-06-22","16.8",",,W,2400","0.0",",,W","0.0",",,W,2400","21.0","H,,S"
"USW00014837","MADISON DANE CO REGIONAL AIRPORT, WI US","43.1405","-89.3452","264.0","2020-06-23","11.2",",,W,2400","0.0",",,W","0.0",",,W,2400","17.9","H,,S"
"USW00014837","MADISON DANE CO REGIONAL AIRPORT, WI US","43.1405","-89.3452","264.0","2020-06-24","0.3",",,W,2400","0.0",",,W","0.0",",,W,2400","18.0","H,,S"
"USW00014837","MADISON DANE CO REGIONAL AIRPORT, WI US","43.1405","-89.3452","264.0","2020-06-25","0.0",",,W,2400","0.0",",,W","0.0",",,W,2400","19.7","H,,S"
"USW00014837","MADISON DANE CO REGIONAL AIRPORT, WI US","43.1405","-89.3452","264.0","2020-06-26","26.2",",,W,2400","0.0",",,W","0.0",",,W,2400","21.4","H,,S"
"USW00014837","MADISON DANE CO REGIONAL AIRPORT, WI US","43.1405","-89.3452","264.0","2020-06-27","0.0",",,W,2400","0.0",",,W","0.0",",,W,2400","23.7","H,,S"
"USW00014837","MADISON DANE CO REGIONAL AIRPORT, WI US","43.1405","-89.3452","264.0","2020-06-28","0.0",",,W,2400","0.0",",,W","0.0",",,W,2400","23.6","H,,S"
"USW00014837","MADISON DANE CO REGIONAL AIRPORT, WI US","43.1405","-89.3452","264.0","2020-06-29","6.4",",,W,2400","0.0",",,W","0.0",",,W,2400","24.1","H,,S"
"USW00014837","MADISON DANE CO REGIONAL AIRPORT, WI US","43.1405","-89.3452","264.0","2020-06-30","0.0",",,W,2400","0.0",",,W","0.0",",,W,2400","24.5","H,,S"
"USW00014837","MADISON DANE CO REGIONAL AIRPORT, WI US","43.1405","-89.3452","264.0","2020-07-01","0.0",",,W,2400","0.0",",,W","0.0",",,W,2400","25.9","H,,S"
"USW00014837","MADISON DANE CO REGIONAL AIRPORT, WI US","43.1405","-89.3452","264.0","2020-07-02","0.0",",,W,2400","0.0",",,W","0.0",",,W,2400","24.0","H,,S"
"USW00014837","MADISON DANE CO REGIONAL AIRPORT, WI US","43.1405","-89.3452","264.0","2020-07-03","0.0",",,W,2400","0.0",",,W","0.0",",,W,2400","25.6","H,,S"
"USW00014837","MADISON DANE CO REGIONAL AIRPORT, WI US","43.1405","-89.3452","264.0","2020-07-04","0.0",",,W,2400","0.0",",,W","0.0",",,W,2400","25.8","H,,S"
"USW00014837","MADISON DANE CO REGIONAL AIRPORT, WI US","43.1405","-89.3452","264.0","2020-07-05","0.0",",,W,2400","0.0",",,W","0.0",",,W,2400","25.7","H,,S"
"USW00014837","MADISON DANE CO REGIONAL AIRPORT, WI US","43.1405","-89.3452","264.0","2020-07-06","0.0",",,W,2400","0.0",",,W","0.0",",,W,2400","27.1","H,,S"
"USW00014837","MADISON DANE CO REGIONAL AIRPORT, WI US","43.1405","-89.3452","264.0","2020-07-07","55.1",",,W,2400","0.0",",,W","0.0",",,W,2400","27.0","H,,S"
"USW00014837","MADISON DANE CO REGIONAL AIRPORT, WI US","43.1405","-89.3452","264.0","2020-07-08","0.0",",,W,2400","0.0",",,W","0.0",",,W,2400","24.3","H,,S"
"USW00014837","MADISON DANE CO REGIONAL AIRPORT, WI US","43.1405","-89.3452","264.0","2020-07-09","50.0",",,W,2400","0.0",",,W","0.0",",,W,2400","26.8","H,,S"
"USW00014837","MADISON DANE CO REGIONAL AIRPORT, WI US","43.1405","-89.3452","264.0","2020-07-10","11.7",",,W,2400","0.0",",,W","0.0",",,W,2400","22.7","H,,S"
"USW00014837","MADISON DANE CO REGIONAL AIRPORT, WI US","43.1405","-89.3452","264.0","2020-07-11","0.0",",,W,2400","0.0",",,W","0.0",",,W,2400","23.4","H,,S"
"USW00014837","MADISON DANE CO REGIONAL AIRPORT, WI US","43.1405","-89.3452","264.0","2020-07-12","0.0",",,W,2400","0.0",",,W","0.0",",,W,2400","23.1","H,,S"
"USW00014837","MADISON DANE CO REGIONAL AIRPORT, WI US","43.1405","-89.3452","264.0","2020-07-13","0.0",",,W,2400","0.0",",,W","0.0",",,W,2400","21.8","H,,S"
"USW00014837","MADISON DANE CO REGIONAL AIRPORT, WI US","43.1405","-89.3452","264.0","2020-07-14","19.8",",,W,2400","0.0",",,W","0.0",",,W,2400","24.2","H,,S"
"USW00014837","MADISON DANE CO REGIONAL AIRPORT, WI US","43.1405","-89.3452","264.0","2020-07-15","14.2",",,W,2400","0.0",",,W","0.0",",,W,2400","22.8","H,,S"
"USW00014837","MADISON DANE CO REGIONAL AIRPORT, WI US","43.1405","-89.3452","264.0","2020-07-16","0.0","T,,W,2400","0.0",",,W","0.0",",,W,2400","21.5","H,,S"
"USW00014837","MADISON DANE CO REGIONAL AIRPORT, WI US","43.1405","-89.3452","264.0","2020-07-17","0.0",",,W,2400","0.0",",,W","0.0",",,W,2400","24.8","H,,S"
"USW00014837","MADISON DANE CO REGIONAL AIRPORT, WI US","43.1405","-89.3452","264.0","2020-07-18","2.5",",,W,2400","0.0",",,W","0.0",",,W,2400","26.2","H,,S"
"USW00014837","MADISON DANE CO REGIONAL AIRPORT, WI US","43.1405","-89.3452","264.0","2020-07-19","0.0",",,W,2400","0.0",",,W","0.0",",,W,2400","27.7","H,,S"
"USW00014837","MADISON DANE CO REGIONAL AIRPORT, WI US","43.1405","-89.3452","264.0","2020-07-20","0.0",",,W,2400","0.0",",,W","0.0",",,W,2400","23.4","H,,S"
"USW00014837","MADISON DANE CO REGIONAL AIRPORT, WI US","43.1405","-89.3452","264.0","2020-07-21","0.0","T,,W,2400","0.0",",,W","0.0",",,W,2400","21.4","H,,S"
"USW00014837","MADISON DANE CO REGIONAL AIRPORT, WI US","43.1405","-89.3452","264.0","2020-07-22","0.0",",,W,2400","0.0",",,W","0.0",",,W,2400","23.8","H,,S"
"USW00014837","MADISON DANE CO REGIONAL AIRPORT, WI US","43.1405","-89.3452","264.0","2020-07-23","0.0",",,W,2400","0.0",",,W","0.0",",,W,2400","19.3","H,,S"
"USW00014837","MADISON DANE CO REGIONAL AIRPORT, WI US","43.1405","-89.3452","264.0","2020-07-24","0.0",",,W,2400","0.0",",,W","0.0",",,W,2400","22.2","H,,S"
"USW00014837","MADISON DANE CO REGIONAL AIRPORT, WI US","43.1405","-89.3452","264.0","2020-07-25","0.0",",,W,2400","0.0",",,W","0.0",",,W,2400","26.1","H,,S"
"USW00014837","MADISON DANE CO REGIONAL AIRPORT, WI US","43.1405","-89.3452","264.0","2020-07-26","39.4",",,W,2400","0.0",",,W","0.0",",,W,2400","28.5","H,,S"
"USW00014837","MADISON DANE CO REGIONAL AIRPORT, WI US","43.1405","-89.3452","264.0","2020-07-27","0.0",",,W,2400","0.0",",,W","0.0",",,W,2400","24.2","H,,S"
"USW00014837","MADISON DANE CO REGIONAL AIRPORT, WI US","43.1405","-89.3452","264.0","2020-07-28","0.0",",,W,2400","0.0",",,W","0.0",",,W,2400","23.2","H,,S"
"USW00014837","MADISON DANE CO REGIONAL AIRPORT, WI US","43.1405","-89.3452","264.0","2020-07-29","0.0",",,W,2400","0.0",",,W","0.0",",,W,2400","25.1","H,,S"
"USW00014837","MADISON DANE CO REGIONAL AIRPORT, WI US","43.1405","-89.3452","264.0","2020-07-30","0.0",",,W,2400","0.0",",,W","0.0",",,W,2400","22.7","H,,S"
"USW00014837","MADISON DANE CO REGIONAL AIRPORT, WI US","43.1405","-89.3452","264.0","2020-07-31","0.0",",,W,2400","0.0",",,W","0.0",",,W,2400","20.9","H,,S"
"USW00014837","MADISON DANE CO REGIONAL AIRPORT, WI US","43.1405","-89.3452","264.0","2020-08-01","0.0",",,W,2400","0.0",",,W","0.0",",,W,2400","20.4","H,,S"
"USW00014837","MADISON DANE CO REGIONAL AIRPORT, WI US","43.1405","-89.3452","264.0","2020-08-02","12.4",",,W,2400","0.0",",,W","0.0",",,W,2400","20.4","H,,S"
"USW00014837","MADISON DANE CO REGIONAL AIRPORT, WI US","43.1405","-89.3452","264.0","2020-08-03","0.0",",,W,2400","0.0",",,W","0.0",",,W,2400","16.0","H,,S"
"USW00014837","MADISON DANE CO REGIONAL AIRPORT, WI US","43.1405","-89.3452","264.0","2020-08-04","0.0",",,W,2400","0.0",",,W","0.0",",,W,2400","16.3","H,,S"
"USW00014837","MADISON DANE CO REGIONAL AIRPORT, WI US","43.1405","-89.3452","264.0","2020-08-05","0.0",",,W,2400","0.0",",,W","0.0",",,W,2400","17.5","H,,S"
"USW00014837","MADISON DANE CO REGIONAL AIRPORT, WI US","43.1405","-89.3452","264.0","2020-08-06","0.0",",,W,2400","0.0",",,W","0.0",",,W,2400","18.9","H,,S"
"USW00014837","MADISON DANE CO REGIONAL AIRPORT, WI US","43.1405","-89.3452","264.0","2020-08-07","0.0",",,W,2400","0.0",",,W","0.0",",,W,2400","20.8","H,,S"
"USW00014837","MADISON DANE CO REGIONAL AIRPORT, WI US","43.1405","-89.3452","264.0","2020-08-08","0.0",",,W,2400","0.0",",,W","0.0",",,W,2400","24.4","H,,S"
"USW00014837","MADISON DANE CO REGIONAL AIRPORT, WI US","43.1405","-89.3452","264.0","2020-08-09","10.7",",,W,2400","0.0",",,W","0.0",",,W,2400","25.1","H,,S"
"USW00014837","MADISON DANE CO REGIONAL AIRPORT, WI US","43.1405","-89.3452","264.0","2020-08-10","2.8",",,W,2400","0.0",",,W","0.0",",,W,2400","23.6","H,,S"
"USW00014837","MADISON DANE CO REGIONAL AIRPORT, WI US","43.1405","-89.3452","264.0","2020-08-11","0.0",",,W,2400","0.0",",,W","0.0",",,W,2400","21.1","H,,S"
"USW00014837","MADISON DANE CO REGIONAL AIRPORT, WI US","43.1405","-89.3452","264.0","2020-08-12","0.0",",,W,2400","0.0",",,W","0.0",",,W,2400","20.6","H,,S"
"USW00014837","MADISON DANE CO REGIONAL AIRPORT, WI US","43.1405","-89.3452","264.0","2020-08-13","0.0",",,W,2400","0.0",",,W","0.0",",,W,2400","21.5","H,,S"
"USW00014837","MADISON DANE CO REGIONAL AIRPORT, WI US","43.1405","-89.3452","264.0","2020-08-14","0.0",",,W,2400","0.0",",,W","0.0",",,W,2400","22.3","H,,S"
"USW00014837","MADISON DANE CO REGIONAL AIRPORT, WI US","43.1405","-89.3452","264.0","2020-08-15","2.5",",,W,2400","0.0",",,W","0.0",",,W,2400","21.9","H,,S"
"USW00014837","MADISON DANE CO REGIONAL AIRPORT, WI US","43.1405","-89.3452","264.0","2020-08-16","0.0",",,W,2400","0.0",",,W","0.0",",,W,2400","20.0","H,,S"
"USW00014837","MADISON DANE CO REGIONAL AIRPORT, WI US","43.1405","-89.3452","264.0","2020-08-17","0.3",",,W,2400","0.0",",,W","0.0",",,W,2400","21.2","H,,S"
"USW00014837","MADISON DANE CO REGIONAL AIRPORT, WI US","43.1405","-89.3452","264.0","2020-08-18","0.0",",,W,2400","0.0",",,W","0.0",",,W,2400","19.7","H,,S"
"USW00014837","MADISON DANE CO REGIONAL AIRPORT, WI US","43.1405","-89.3452","264.0","2020-08-19","0.0",",,W,2400","0.0",",,W","0.0",",,W,2400","19.2","H,,S"
"USW00014837","MADISON DANE CO REGIONAL AIRPORT, WI US","43.1405","-89.3452","264.0","2020-08-20","0.0",",,W,2400","0.0",",,W","0.0",",,W,2400","22.8","H,,S"
"USW00014837","MADISON DANE CO REGIONAL AIRPORT, WI US","43.1405","-89.3452","264.0","2020-08-21","0.0",",,W,2400","0.0",",,W","0.0",",,W,2400","22.8","H,,S"
"USW00014837","MADISON DANE CO REGIONAL AIRPORT, WI US","43.1405","-89.3452","264.0","2020-08-22","0.0",",,W,2400","0.0",",,W","0.0",",,W,2400","23.4","H,,S"
"USW00014837","MADISON DANE CO REGIONAL AIRPORT, WI US","43.1405","-89.3452","264.0","2020-08-23","0.0",",,W,2400","0.0",",,W","0.0",",,W,2400","24.9","H,,S"
"USW00014837","MADISON DANE CO REGIONAL AIRPORT, WI US","43.1405","-89.3452","264.0","2020-08-24","7.4",",,W,2400","0.0",",,W","0.0",",,W,2400","25.6","H,,S"
"USW00014837","MADISON DANE CO REGIONAL AIRPORT, WI US","43.1405","-89.3452","264.0","2020-08-25","1.8",",,W,2400","0.0",",,W","0.0",",,W,2400","24.4","H,,S"
"USW00014837","MADISON DANE CO REGIONAL AIRPORT, WI US","43.1405","-89.3452","264.0","2020-08-26","0.0",",,W,2400","0.0",",,W","0.0",",,W,2400","27.1","H,,S"
"USW00014837","MADISON DANE CO REGIONAL AIRPORT, WI US","43.1405","-89.3452","264.0","2020-08-27","15.5",",,W,2400","0.0",",,W","0.0",",,W,2400","27.9","H,,S"
"USW00014837","MADISON DANE CO REGIONAL AIRPORT, WI US","43.1405","-89.3452","264.0","2020-08-28","0.5",",,W,2400","0.0",",,W","0.0",",,W,2400","23.1","H,,S"
"USW00014837","MADISON DANE CO REGIONAL AIRPORT, WI US","43.1405","-89.3452","264.0","2020-08-29","0.0",",,W,2400","0.0",",,W","0.0",",,W,2400","21.7","H,,S"
"USW00014837","MADISON DANE CO REGIONAL AIRPORT, WI US","43.1405","-89.3452","264.0","2020-08-30","0.0",",,W,2400","0.0",",,W","0.0",",,W,2400","17.5","H,,S"
"USW00014837","MADISON DANE CO REGIONAL AIRPORT, WI US","43.1405","-89.3452","264.0","2020-08-31","19.3",",,W,2400","0.0",",,W","0.0",",,W,2400","18.7","H,,S"
"USW00014837","MADISON DANE CO REGIONAL AIRPORT, WI US","43.1405","-89.3452","264.0","2020-09-01","4.8",",,W,2400","0.0",",,W","0.0",",,W,2400","15.8","H,,S"
"USW00014837","MADISON DANE CO REGIONAL AIRPORT, WI US","43.1405","-89.3452","264.0","2020-09-02","0.3",",,W,2400","0.0",",,W","0.0",",,W,2400","20.7","H,,S"
"USW00014837","MADISON DANE CO REGIONAL AIRPORT, WI US","43.1405","-89.3452","264.0","2020-09-03","0.0",",,W,2400","0.0",",,W","0.0",",,W,2400","20.1","H,,S"
"USW00014837","MADISON DANE CO REGIONAL AIRPORT, WI US","43.1405","-89.3452","264.0","2020-09-04","0.0","T,,W,2400","0.0",",,W","0.0",",,W,2400","17.2","H,,S"
"USW00014837","MADISON DANE CO REGIONAL AIRPORT, WI US","43.1405","-89.3452","264.0","2020-09-05","0.0",",,W,2400","0.0",",,W","0.0",",,W,2400","18.1","H,,S"
"USW00014837","MADISON DANE CO REGIONAL AIRPORT, WI US","43.1405","-89.3452","264.0","2020-09-06","9.7",",,W,2400","0.0",",,W","0.0",",,W,2400","18.2","H,,S"
"USW00014837","MADISON DANE CO REGIONAL AIRPORT, WI US","43.1405","-89.3452","264.0","2020-09-07","0.3",",,W,2400","0.0",",,W","0.0",",,W,2400","18.8","H,,S"
"USW00014837","MADISON DANE CO REGIONAL AIRPORT, WI US","43.1405","-89.3452","264.0","2020-09-08","19.8",",,W,2400","0.0",",,W","0.0",",,W,2400","11.8","H,,S"
"USW00014837","MADISON DANE CO REGIONAL AIRPORT, WI US","43.1405","-89.3452","264.0","2020-09-09","8.9",",,W,2400","0.0",",,W","0.0",",,W,2400","9.7","H,,S"
"USW00014837","MADISON DANE CO REGIONAL AIRPORT, WI US","43.1405","-89.3452","264.0","2020-09-10","7.1",",,W,2400","0.0",",,W","0.0",",,W,2400","9.3","H,,S"
"USW00014837","MADISON DANE CO REGIONAL AIRPORT, WI US","43.1405","-89.3452","264.0","2020-09-11","24.9",",,W,2400","0.0",",,W","0.0",",,W,2400","12.3","H,,S"
"USW00014837","MADISON DANE CO REGIONAL AIRPORT, WI US","43.1405","-89.3452","264.0","2020-09-12","2.5",",,W,2400","0.0",",,W","0.0",",,W,2400","16.6","H,,S"
"USW00014837","MADISON DANE CO REGIONAL AIRPORT, WI US","43.1405","-89.3452","264.0","2020-09-13","0.0",",,W,2400","0.0",",,W","0.0",",,W,2400","16.4","H,,S"
"USW00014837","MADISON DANE CO REGIONAL AIRPORT, WI US","43.1405","-89.3452","264.0","2020-09-14","0.0",",,W,2400","0.0",",,W","0.0",",,W,2400","15.1","H,,S"
"USW00014837","MADISON DANE CO REGIONAL AIRPORT, WI US","43.1405","-89.3452","264.0","2020-09-15","0.0",",,W,2400","0.0",",,W","0.0",",,W,2400","18.6","H,,S"
"USW00014837","MADISON DANE CO REGIONAL AIRPORT, WI US","43.1405","-89.3452","264.0","2020-09-16","0.0",",,W,2400","0.0",",,W","0.0",",,W,2400","20.2","H,,S"
"USW00014837","MADISON DANE CO REGIONAL AIRPORT, WI US","43.1405","-89.3452","264.0","2020-09-17","0.0",",,W,2400","0.0",",,W","0.0",",,W,2400","15.0","H,,S"
"USW00014837","MADISON DANE CO REGIONAL AIRPORT, WI US","43.1405","-89.3452","264.0","2020-09-18","0.0",",,W,2400","0.0",",,W","0.0",",,W,2400","11.4","H,,S"
"USW00014837","MADISON DANE CO REGIONAL AIRPORT, WI US","43.1405","-89.3452","264.0","2020-09-19","0.0",",,W,2400","0.0",",,W","0.0",",,W,2400","10.1","H,,S"
"USW00014837","MADISON DANE CO REGIONAL AIRPORT, WI US","43.1405","-89.3452","264.0","2020-09-20","0.0",",,W,2400","0.0",",,W","0.0",",,W,2400","12.7","H,,S"
"USW00014837","MADISON DANE CO REGIONAL AIRPORT, WI US","43.1405","-89.3452","264.0","2020-09-21","0.0",",,W,2400","0.0",",,W","0.0",",,W,2400","15.7","H,,S"
"USW00014837","MADISON DANE CO REGIONAL AIRPORT, WI US","43.1405","-89.3452","264.0","2020-09-22","0.0",",,W,2400","0.0",",,W","0.0",",,W,2400","18.6","H,,S"
"USW00014837","MADISON DANE CO REGIONAL AIRPORT, WI US","43.1405","-89.3452","264.0","2020-09-23","0.0",",,W,2400","0.0",",,W","0.0",",,W,2400","17.7","H,,S"
"USW00014837","MADISON DANE CO REGIONAL AIRPORT, WI US","43.1405","-89.3452","264.0","2020-09-24","1.0",",,W,2400","0.0",",,W","0.0",",,W,2400","17.5","H,,S"
"USW00014837","MADISON DANE CO REGIONAL AIRPORT, WI US","43.1405","-89.3452","264.0","2020-09-25","0.0",",,W,2400","0.0",",,W","0.0",",,W,2400","20.2","H,,S"
"USW00014837","MADISON DANE CO REGIONAL AIRPORT, WI US","43.1405","-89.3452","264.0","2020-09-26","0.0",",,W,2400","0.0",",,W","0.0",",,W,2400","20.2","H,,S"
"USW00014837","MADISON DANE CO REGIONAL AIRPORT, WI US","43.1405","-89.3452","264.0","2020-09-27","6.9",",,W,2400","0.0",",,W","0.0",",,W,2400","19.4","H,,S"
"USW00014837","MADISON DANE CO REGIONAL AIRPORT, WI US","43.1405","-89.3452","264.0","2020-09-28","0.3",",,W,2400","0.0",",,W","0.0",",,W,2400","12.2","H,,S"
"USW00014837","MADISON DANE CO REGIONAL AIRPORT, WI US","43.1405","-89.3452","264.0","2020-09-29","0.0","T,,W,2400","0.0",",,W","0.0",",,W,2400","9.6","H,,S"
"USW00014837","MADISON DANE CO REGIONAL AIRPORT, WI US","43.1405","-89.3452","264.0","2020-09-30","0.3",",,W,2400","0.0",",,W","0.0",",,W,2400","11.6","H,,S"
"USW00014837","MADISON DANE CO REGIONAL AIRPORT, WI US","43.1405","-89.3452","264.0","2020-10-01","0.8",",,W,2400","0.0",",,W","0.0",",,W,2400","9.6","H,,S"
"USW00014837","MADISON DANE CO REGIONAL AIRPORT, WI US","43.1405","-89.3452","264.0","2020-10-02","0.0",",,W,2400","0.0",",,W","0.0",",,W,2400","6.8","H,,S"
"USW00014837","MADISON DANE CO REGIONAL AIRPORT, WI US","43.1405","-89.3452","264.0","2020-10-03","0.5",",,W,2400","0.0",",,W","0.0",",,W,2400","7.6","H,,S"
"USW00014837","MADISON DANE CO REGIONAL AIRPORT, WI US","43.1405","-89.3452","264.0","2020-10-04","0.0",",,W,2400","0.0",",,W","0.0",",,W,2400","5.6","H,,S"
"USW00014837","MADISON DANE CO REGIONAL AIRPORT, WI US","43.1405","-89.3452","264.0","2020-10-05","0.0",",,W,2400","0.0",",,W","0.0",",,W,2400","7.4","H,,S"
"USW00014837","MADISON DANE CO REGIONAL AIRPORT, WI US","43.1405","-89.3452","264.0","2020-10-06","0.0",",,W,2400","0.0",",,W","0.0",",,W,2400","14.9","H,,S"
"USW00014837","MADISON DANE CO REGIONAL AIRPORT, WI US","43.1405","-89.3452","264.0","2020-10-07","0.0",",,W,2400","0.0",",,W","0.0",",,W,2400","16.9","H,,S"
"USW00014837","MADISON DANE CO REGIONAL AIRPORT, WI US","43.1405","-89.3452","264.0","2020-10-08","0.0",",,W,2400","0.0",",,W","0.0",",,W,2400","10.7","H,,S"
"USW00014837","MADISON DANE CO REGIONAL AIRPORT, WI US","43.1405","-89.3452","264.0","2020-10-09","0.0",",,W,2400","0.0",",,W","0.0",",,W,2400","15.2","H,,S"
"USW00014837","MADISON DANE CO REGIONAL AIRPORT, WI US","43.1405","-89.3452","264.0","2020-10-10","0.0",",,W,2400","0.0",",,W","0.0",",,W,2400","19.9","H,,S"
"USW00014837","MADISON DANE CO REGIONAL AIRPORT, WI US","43.1405","-89.3452","264.0","2020-10-11","0.0",",,W,2400","0.0",",,W","0.0",",,W,2400","11.1","H,,S"
"USW00014837","MADISON DANE CO REGIONAL AIRPORT, WI US","43.1405","-89.3452","264.0","2020-10-12","6.6",",,W,2400","0.0",",,W","0.0",",,W,2400","14.6","H,,S"
"USW00014837","MADISON DANE CO REGIONAL AIRPORT, WI US","43.1405","-89.3452","264.0","2020-10-13","0.0","T,,W,2400","0.0",",,W","0.0",",,W,2400","11.7","H,,S"
"USW00014837","MADISON DANE CO REGIONAL AIRPORT, WI US","43.1405","-89.3452","264.0","2020-10-14","0.0","T,,W,2400","0.0",",,W","0.0",",,W,2400","11.5","H,,S"
"USW00014837","MADISON DANE CO REGIONAL AIRPORT, WI US","43.1405","-89.3452","264.0","2020-10-15","0.0",",,W,2400","0.0",",,W","0.0",",,W,2400","10.4","H,,S"
"USW00014837","MADISON DANE CO REGIONAL AIRPORT, WI US","43.1405","-89.3452","264.0","2020-10-16","0.5",",,W,2400","0.0",",,W","0.0",",,W,2400","5.6","H,,S"
"USW00014837","MADISON DANE CO REGIONAL AIRPORT, WI US","43.1405","-89.3452","264.0","2020-10-17","0.0","T,,W,2400","0.0",",,W","0.0",",,W,2400","6.8","H,,S"
"USW00014837","MADISON DANE CO REGIONAL AIRPORT, WI US","43.1405","-89.3452","264.0","2020-10-18","2.3",",,W,2400","0.0",",,W","0.0",",,W,2400","7.8","H,,S"
"USW00014837","MADISON DANE CO REGIONAL AIRPORT, WI US","43.1405","-89.3452","264.0","2020-10-19","0.0",",,W,2400","0.0",",,W","0.0",",,W,2400","0.8","H,,S"
"USW00014837","MADISON DANE CO REGIONAL AIRPORT, WI US","43.1405","-89.3452","264.0","2020-10-20","3.3",",,W,2400","0.0",",,W","0.0",",,W,2400","1.9","H,,S"
"USW00014837","MADISON DANE CO REGIONAL AIRPORT, WI US","43.1405","-89.3452","264.0","2020-10-21","5.6",",,W,2400","0.0",",,W","0.0",",,W,2400","7.2","H,,S"
"USW00014837","MADISON DANE CO REGIONAL AIRPORT, WI US","43.1405","-89.3452","264.0","2020-10-22","47.8",",,W,2400","0.0",",,W","0.0",",,W,2400","5.9","H,,S"
"USW00014837","MADISON DANE CO REGIONAL AIRPORT, WI US","43.1405","-89.3452","264.0","2020-10-23","18.0",",,W,2400","0.0",",,W","0.0",",,W,2400","4.9","H,,S"
"USW00014837","MADISON DANE CO REGIONAL AIRPORT, WI US","43.1405","-89.3452","264.0","2020-10-24","0.0",",,W,2400","0.0",",,W","0.0",",,W,2400","2.6","H,,S"
"USW00014837","MADISON DANE CO REGIONAL AIRPORT, WI US","43.1405","-89.3452","264.0","2020-10-25","0.5",",,W,2400","3.0",",,W","0.0",",,W,2400","0.4","H,,S"
"USW00014837","MADISON DANE CO REGIONAL AIRPORT, WI US","43.1405","-89.3452","264.0","2020-10-26","0.0","T,,W,2400","0.0","T,,W","0.0",",,W,2400","-0.4","H,,S"
"USW00014837","MADISON DANE CO REGIONAL AIRPORT, WI US","43.1405","-89.3452","264.0","2020-10-27","0.0",",,W,2400","0.0",",,W","0.0",",,W,2400","0.1","H,,S"
"USW00014837","MADISON DANE CO REGIONAL AIRPORT, WI US","43.1405","-89.3452","264.0","2020-10-28","0.0",",,W,2400","0.0",",,W","0.0",",,W,2400","2.9","H,,S"
"USW00014837","MADISON DANE CO REGIONAL AIRPORT, WI US","43.1405","-89.3452","264.0","2020-10-29","0.0",",,W,2400","0.0",",,W","0.0",",,W,2400","4.4","H,,S"
"USW00014837","MADISON DANE CO REGIONAL AIRPORT, WI US","43.1405","-89.3452","264.0","2020-10-30","0.0",",,W,2400","0.0",",,W","0.0",",,W,2400","1.2","H,,S"
"USW00014837","MADISON DANE CO REGIONAL AIRPORT, WI US","43.1405","-89.3452","264.0","2020-10-31","0.0",",,W,2400","0.0",",,W","0.0",",,W,2400","3.6","H,,S"
"USW00014837","MADISON DANE CO REGIONAL AIRPORT, WI US","43.1405","-89.3452","264.0","2020-11-01","0.0","T,,W,2400","0.0","T,,W","0.0",",,W,2400","4.7","H,,S"
"USW00014837","MADISON DANE CO REGIONAL AIRPORT, WI US","43.1405","-89.3452","264.0","2020-11-02","0.0",",,W,2400","0.0",",,W","0.0",",,W,2400","1.5","H,,S"
"USW00014837","MADISON DANE CO REGIONAL AIRPORT, WI US","43.1405","-89.3452","264.0","2020-11-03","0.0",",,W,2400","0.0",",,W","0.0",",,W,2400","8.3","H,,S"
"USW00014837","MADISON DANE CO REGIONAL AIRPORT, WI US","43.1405","-89.3452","264.0","2020-11-04","0.0",",,W,2400","0.0",",,W","0.0",",,W,2400","13.7","H,,S"
"USW00014837","MADISON DANE CO REGIONAL AIRPORT, WI US","43.1405","-89.3452","264.0","2020-11-05","0.0",",,W,2400","0.0",",,W","0.0",",,W,2400","13.8","H,,S"
"USW00014837","MADISON DANE CO REGIONAL AIRPORT, WI US","43.1405","-89.3452","264.0","2020-11-06","0.0",",,W,2400","0.0",",,W","0.0",",,W,2400","11.8","H,,S"
"USW00014837","MADISON DANE CO REGIONAL AIRPORT, WI US","43.1405","-89.3452","264.0","2020-11-07","0.0",",,W,2400","0.0",",,W","0.0",",,W,2400","16.1","H,,S"
"USW00014837","MADISON DANE CO REGIONAL AIRPORT, WI US","43.1405","-89.3452","264.0","2020-11-08","0.0",",,W,2400","0.0",",,W","0.0",",,W,2400","15.8","H,,S"
"USW00014837","MADISON DANE CO REGIONAL AIRPORT, WI US","43.1405","-89.3452","264.0","2020-11-09","0.0",",,W,2400","0.0",",,W","0.0",",,W,2400","18.8","H,,S"
"USW00014837","MADISON DANE CO REGIONAL AIRPORT, WI US","43.1405","-89.3452","264.0","2020-11-10","21.1",",,W,2400","0.0",",,W","0.0",",,W,2400","13.9","H,,S"
"USW00014837","MADISON DANE CO REGIONAL AIRPORT, WI US","43.1405","-89.3452","264.0","2020-11-11","0.0",",,W,2400","0.0",",,W","0.0",",,W,2400","3.6","H,,S"
"USW00014837","MADISON DANE CO REGIONAL AIRPORT, WI US","43.1405","-89.3452","264.0","2020-11-12","0.3",",,W,2400","0.0","T,,W","0.0",",,W,2400","4.6","H,,S"
"USW00014837","MADISON DANE CO REGIONAL AIRPORT, WI US","43.1405","-89.3452","264.0","2020-11-13","0.0","T,,W,2400","0.0","T,,W","0.0",",,W,2400","1.0","H,,S"
"USW00014837","MADISON DANE CO REGIONAL AIRPORT, WI US","43.1405","-89.3452","264.0","2020-11-14","3.6",",,W,2400","0.0",",,W","0.0",",,W,2400","0.1","H,,S"
"USW00014837","MADISON DANE CO REGIONAL AIRPORT, WI US","43.1405","-89.3452","264.0","2020-11-15","3.3",",,W,2400","0.0","T,,W","0.0",",,W,2400","5.6","H,,S"
"USW00014837","MADISON DANE CO REGIONAL AIRPORT, WI US","43.1405","-89.3452","264.0","2020-11-16","0.0","T,,W,2400","0.0","T,,W","0.0",",,W,2400","0.2","H,,S"
"USW00014837","MADISON DANE CO REGIONAL AIRPORT, WI US","43.1405","-89.3452","264.0","2020-11-17","0.0",",,W,2400","0.0",",,W","0.0",",,W,2400","-0.2","H,,S"
"USW00014837","MADISON DANE CO REGIONAL AIRPORT, WI US","43.1405","-89.3452","264.0","2020-11-18","0.0",",,W,2400","0.0",",,W","0.0",",,W,2400","3.9","H,,S"
"USW00014837","MADISON DANE CO REGIONAL AIRPORT, WI US","43.1405","-89.3452","264.0","2020-11-19","0.0",",,W,2400","0.0",",,W","0.0",",,W,2400","9.8","H,,S"
"USW00014837","MADISON DANE CO REGIONAL AIRPORT, WI US","43.1405","-89.3452","264.0","2020-11-20","0.0",",,W,2400","0.0",",,W","0.0",",,W,2400","10.8","H,,S"
"USW00014837","MADISON DANE CO REGIONAL AIRPORT, WI US","43.1405","-89.3452","264.0","2020-11-21","0.0",",,W,2400","0.0",",,W","0.0",",,W,2400","0.6","H,,S"
"USW00014837","MADISON DANE CO REGIONAL AIRPORT, WI US","43.1405","-89.3452","264.0","2020-11-22","0.0",",,W,2400","0.0",",,W","0.0",",,W,2400","-0.6","H,,S"
"USW00014837","MADISON DANE CO REGIONAL AIRPORT, WI US","43.1405","-89.3452","264.0","2020-11-23","0.0",",,W,2400","0.0",",,W","0.0",",,W,2400","3.0","H,,S"
"USW00014837","MADISON DANE CO REGIONAL AIRPORT, WI US","43.1405","-89.3452","264.0","2020-11-24","16.3",",,W,2400","56.0",",,W","0.0","T,,W,2400","0.4","H,,S"
"USW00014837","MADISON DANE CO REGIONAL AIRPORT, WI US","43.1405","-89.3452","264.0","2020-11-25","2.5",",,W,2400","0.0",",,W","0.0",",,W,2400","2.8","H,,S"
"USW00014837","MADISON DANE CO REGIONAL AIRPORT, WI US","43.1405","-89.3452","264.0","2020-11-26","0.0",",,W,2400","0.0",",,W","0.0",",,W,2400","3.4","H,,S"
"USW00014837","MADISON DANE CO REGIONAL AIRPORT, WI US","43.1405","-89.3452","264.0","2020-11-27","0.0",",,W,2400","0.0",",,W","0.0",",,W,2400","2.8","H,,S"
"USW00014837","MADISON DANE CO REGIONAL AIRPORT, WI US","43.1405","-89.3452","264.0","2020-11-28","0.0",",,W,2400","0.0",",,W","0.0",",,W,2400","1.7","H,,S"
"USW00014837","MADISON DANE CO REGIONAL AIRPORT, WI US","43.1405","-89.3452","264.0","2020-11-29","0.0",",,W,2400","0.0",",,W","0.0",",,W,2400","4.9","H,,S"
"USW00014837","MADISON DANE CO REGIONAL AIRPORT, WI US","43.1405","-89.3452","264.0","2020-11-30","0.0","T,,W,2400","0.0","T,,W","0.0",",,W,2400","-1.2","H,,S"
"USW00014837","MADISON DANE CO REGIONAL AIRPORT, WI US","43.1405","-89.3452","264.0","2020-12-01","0.0",",,W,2400","0.0",",,W","0.0",",,W,2400","-4.8","H,,S"
"USW00014837","MADISON DANE CO REGIONAL AIRPORT, WI US","43.1405","-89.3452","264.0","2020-12-02","0.0",",,W,2400","0.0",",,W","0.0",",,W,2400","-2.7","H,,S"
"USW00014837","MADISON DANE CO REGIONAL AIRPORT, WI US","43.1405","-89.3452","264.0","2020-12-03","0.0",",,W,2400","0.0",",,W","0.0",",,W,2400","0.9","H,,S"
"USW00014837","MADISON DANE CO REGIONAL AIRPORT, WI US","43.1405","-89.3452","264.0","2020-12-04","0.0",",,W,2400","0.0",",,W","0.0",",,W,2400","2.1","H,,S"
"USW00014837","MADISON DANE CO REGIONAL AIRPORT, WI US","43.1405","-89.3452","264.0","2020-12-05","0.0",",,W,2400","0.0",",,W","0.0",",,W,2400","-3.6","H,,S"
"USW00014837","MADISON DANE CO REGIONAL AIRPORT, WI US","43.1405","-89.3452","264.0","2020-12-06","0.0",",,W,2400","0.0",",,W","0.0",",,W,2400","-1.0","H,,S"
"USW00014837","MADISON DANE CO REGIONAL AIRPORT, WI US","43.1405","-89.3452","264.0","2020-12-07","0.0","T,,W,2400","0.0","T,,W","0.0",",,W,2400","-0.8","H,,S"
"USW00014837","MADISON DANE CO REGIONAL AIRPORT, WI US","43.1405","-89.3452","264.0","2020-12-08","0.0",",,W,2400","0.0",",,W","0.0",",,W,2400","-0.7","H,,S"
"USW00014837","MADISON DANE CO REGIONAL AIRPORT, WI US","43.1405","-89.3452","264.0","2020-12-09","0.0",",,W,2400","0.0",",,W","0.0",",,W,2400","2.9","H,,S"
"USW00014837","MADISON DANE CO REGIONAL AIRPORT, WI US","43.1405","-89.3452","264.0","2020-12-10","0.0",",,W,2400","0.0",",,W","0.0",",,W,2400","1.8","H,,S"
"USW00014837","MADISON DANE CO REGIONAL AIRPORT, WI US","43.1405","-89.3452","264.0","2020-12-11","7.6",",,W,2400","74.0",",,W","0.0",",,W,2400","1.6","H,,S"
"USW00014837","MADISON DANE CO REGIONAL AIRPORT, WI US","43.1405","-89.3452","264.0","2020-12-12","5.8",",,W,2400","89.0",",,W","50.0",",,W,2400","-0.7","H,,S"
"USW00014837","MADISON DANE CO REGIONAL AIRPORT, WI US","43.1405","-89.3452","264.0","2020-12-13","0.0",",,W,2400","0.0",",,W","130.0",",,W,2400","-6.2","H,,S"
"USW00014837","MADISON DANE CO REGIONAL AIRPORT, WI US","43.1405","-89.3452","264.0","2020-12-14","0.0",",,W,2400","0.0",",,W","130.0",",,W,2400","-4.6","H,,S"
"USW00014837","MADISON DANE CO REGIONAL AIRPORT, WI US","43.1405","-89.3452","264.0","2020-12-15","0.0",",,W,2400","0.0",",,W","130.0",",,W,2400","-9.9","H,,S"
"USW00014837","MADISON DANE CO REGIONAL AIRPORT, WI US","43.1405","-89.3452","264.0","2020-12-16","0.0",",,W,2400","0.0",",,W","130.0",",,W,2400","-5.0","H,,S"
"USW00014837","MADISON DANE CO REGIONAL AIRPORT, WI US","43.1405","-89.3452","264.0","2020-12-17","0.0",",,W,2400","0.0",",,W","130.0",",,W,2400","-2.8","H,,S"
"USW00014837","MADISON DANE CO REGIONAL AIRPORT, WI US","43.1405","-89.3452","264.0","2020-12-18","0.0",",,W,2400","0.0",",,W","130.0",",,W,2400","-5.9","H,,S"
"USW00014837","MADISON DANE CO REGIONAL AIRPORT, WI US","43.1405","-89.3452","264.0","2020-12-19","0.0",",,W,2400","0.0",",,W","130.0",",,W,2400","1.1","H,,S"
"USW00014837","MADISON DANE CO REGIONAL AIRPORT, WI US","43.1405","-89.3452","264.0","2020-12-20","0.0",",,W,2400","0.0",",,W","130.0",",,W,2400","-1.2","H,,S"
"USW00014837","MADISON DANE CO REGIONAL AIRPORT, WI US","43.1405","-89.3452","264.0","2020-12-21","0.0","T,,W,2400","0.0","T,,W","130.0",",,W,2400","0.2","H,,S"
"USW00014837","MADISON DANE CO REGIONAL AIRPORT, WI US","43.1405","-89.3452","264.0","2020-12-22","0.0",",,W,2400","0.0",",,W","130.0",",,W,2400","-0.2","H,,S"
"USW00014837","MADISON DANE CO REGIONAL AIRPORT, WI US","43.1405","-89.3452","264.0","2020-12-23","0.8",",,W,2400","0.0","T,,W","100.0",",,W,2400","4.7","H,,S"
"USW00014837","MADISON DANE CO REGIONAL AIRPORT, WI US","43.1405","-89.3452","264.0","2020-12-24","0.0","T,,W,2400","3.0",",,W","30.0",",,W,2400","-8.8","H,,S"
"USW00014837","MADISON DANE CO REGIONAL AIRPORT, WI US","43.1405","-89.3452","264.0","2020-12-25","0.0",",,W,2400","0.0",",,W","30.0",",,W,2400","-12.9","H,,S"
"USW00014837","MADISON DANE CO REGIONAL AIRPORT, WI US","43.1405","-89.3452","264.0","2020-12-26","0.0",",,W,2400","0.0",",,W","30.0",",,W,2400","-6.7","H,,S"
"USW00014837","MADISON DANE CO REGIONAL AIRPORT, WI US","43.1405","-89.3452","264.0","2020-12-27","3.6",",,W,2400","48.0",",,W","100.0",",,W,2400","-3.2","H,,S"
"USW00014837","MADISON DANE CO REGIONAL AIRPORT, WI US","43.1405","-89.3452","264.0","2020-12-28","0.0",",,W,2400","0.0",",,W","80.0",",,W,2400","-3.9","H,,S"
"USW00014837","MADISON DANE CO REGIONAL AIRPORT, WI US","43.1405","-89.3452","264.0","2020-12-29","9.9",",,W,2400","117.0",",,W","80.0",",,W,2400","-8.5","H,,S"
"USW00014837","MADISON DANE CO REGIONAL AIRPORT, WI US","43.1405","-89.3452","264.0","2020-12-30","0.8",",,W,2400","13.0",",,W","200.0",",,W,2400","-2.6","H,,S"
"USW00014837","MADISON DANE CO REGIONAL AIRPORT, WI US","43.1405","-89.3452","264.0","2020-12-31","0.3",",,W,2400","0.0","T,,W","180.0",",,W,2400","-6.0","H,,S"
"USW00014837","MADISON DANE CO REGIONAL AIRPORT, WI US","43.1405","-89.3452","264.0","2021-01-01","0.5",",,W,2400","15.0",",,W","180.0",",,W,2400","-6.9","H,,S"
"USW00014837","MADISON DANE CO REGIONAL AIRPORT, WI US","43.1405","-89.3452","264.0","2021-01-02","0.0","T,,W,2400","0.0","T,,W","180.0",",,W,2400","-5.1","H,,S"
"USW00014837","MADISON DANE CO REGIONAL AIRPORT, WI US","43.1405","-89.3452","264.0","2021-01-03","0.0","T,,W,2400","0.0","T,,W","180.0",",,W,2400","-6.1","H,,S"
"USW00014837","MADISON DANE CO REGIONAL AIRPORT, WI US","43.1405","-89.3452","264.0","2021-01-04","0.5",",,W,2400","13.0",",,W","150.0",",,W,2400","-6.0","H,,S"
"USW00014837","MADISON DANE CO REGIONAL AIRPORT, WI US","43.1405","-89.3452","264.0","2021-01-05","0.0",",,W,2400","0.0",",,W","180.0",",,W,2400","-2.6","H,,S"
"USW00014837","MADISON DANE CO REGIONAL AIRPORT, WI US","43.1405","-89.3452","264.0","2021-01-06","0.0","T,,W,2400","0.0","T,,W","150.0",",,W,2400","-6.2","H,,S"
"USW00014837","MADISON DANE CO REGIONAL AIRPORT, WI US","43.1405","-89.3452","264.0","2021-01-07","0.0","T,,W,2400","0.0","T,,W","150.0",",,W,2400","-3.1","H,,S"
"USW00014837","MADISON DANE CO REGIONAL AIRPORT, WI US","43.1405","-89.3452","264.0","2021-01-08","0.0",",,W,2400","0.0",",,W","150.0",",,W,2400","-2.4","H,,S"
"USW00014837","MADISON DANE CO REGIONAL AIRPORT, WI US","43.1405","-89.3452","264.0","2021-01-09","0.0",",,W,2400","0.0",",,W","150.0",",,W,2400","-3.2","H,,S"
"USW00014837","MADISON DANE CO REGIONAL AIRPORT, WI US","43.1405","-89.3452","264.0","2021-01-10","0.0","T,,W,2400","0.0","T,,W","150.0",",,W,2400","-6.3","H,,S"
"USW00014837","MADISON DANE CO REGIONAL AIRPORT, WI US","43.1405","-89.3452","264.0","2021-01-11","0.0",",,W,2400","0.0",",,W","150.0",",,W,2400","-4.9","H,,S"
"USW00014837","MADISON DANE CO REGIONAL AIRPORT, WI US","43.1405","-89.3452","264.0","2021-01-12","0.0",",,W,2400","0.0",",,W","150.0",",,W,2400","-2.9","H,,S"
"USW00014837","MADISON DANE CO REGIONAL AIRPORT, WI US","43.1405","-89.3452","264.0","2021-01-13","0.0",",,W,2400","0.0",",,W","150.0",",,W,2400","-0.1","H,,S"
"USW00014837","MADISON DANE CO REGIONAL AIRPORT, WI US","43.1405","-89.3452","264.0","2021-01-14","5.3",",,W,2400","28.0",",,W","130.0",",,W,2400","-0.1","H,,S"
"USW00014837","MADISON DANE CO REGIONAL AIRPORT, WI US","43.1405","-89.3452","264.0","2021-01-15","2.0",",,W,2400","28.0",",,W","150.0",",,W,2400","0.6","H,,S"
"USW00014837","MADISON DANE CO REGIONAL AIRPORT, WI US","43.1405","-89.3452","264.0","2021-01-16","1.0",",,W,2400","8.0",",,W","150.0",",,W,2400","0.7","H,,S"
"USW00014837","MADISON DANE CO REGIONAL AIRPORT, WI US","43.1405","-89.3452","264.0","2021-01-17","0.5",",,W,2400","13.0",",,W","130.0",",,W,2400","-1.5","H,,S"
"USW00014837","MADISON DANE CO REGIONAL AIRPORT, WI US","43.1405","-89.3452","264.0","2021-01-18","0.0","T,,W,2400","0.0","T,,W","130.0",",,W,2400","-3.1","H,,S"
"USW00014837","MADISON DANE CO REGIONAL AIRPORT, WI US","43.1405","-89.3452","264.0","2021-01-19","1.5",",,W,2400","46.0",",,W","130.0",",,W,2400","-5.3","H,,S"
"USW00014837","MADISON DANE CO REGIONAL AIRPORT, WI US","43.1405","-89.3452","264.0","2021-01-20","0.0","T,,W,2400","0.0","T,,W","180.0",",,W,2400","-9.5","H,,S"
"USW00014837","MADISON DANE CO REGIONAL AIRPORT, WI US","43.1405","-89.3452","264.0","2021-01-21","0.0",",,W,2400","0.0",",,W","150.0",",,W,2400","0.9","H,,S"
"USW00014837","MADISON DANE CO REGIONAL AIRPORT, WI US","43.1405","-89.3452","264.0","2021-01-22","0.0",",,W,2400","0.0",",,W","130.0",",,W,2400","-9.1","H,,S"
"USW00014837","MADISON DANE CO REGIONAL AIRPORT, WI US","43.1405","-89.3452","264.0","2021-01-23","0.3",",,W,2400","3.0",",,W","130.0",",,W,2400","-12.6","H,,S"
"USW00014837","MADISON DANE CO REGIONAL AIRPORT, WI US","43.1405","-89.3452","264.0","2021-01-24","3.0",",,W,2400","38.0",",,W","180.0",",,W,2400","-4.4","H,,S"
"USW00014837","MADISON DANE CO REGIONAL AIRPORT, WI US","43.1405","-89.3452","264.0","2021-01-25","0.8",",,W,2400","8.0",",,W","180.0",",,W,2400","-10.6","H,,S"
"USW00014837","MADISON DANE CO REGIONAL AIRPORT, WI US","43.1405","-89.3452","264.0","2021-01-26","6.1",",,W,2400","122.0",",,W","230.0",",,W,2400","-6.5","H,,S"
"USW00014837","MADISON DANE CO REGIONAL AIRPORT, WI US","43.1405","-89.3452","264.0","2021-01-27","0.0",",,W,2400","0.0",",,W","250.0",",,W,2400","-10.8","H,,S"
"USW00014837","MADISON DANE CO REGIONAL AIRPORT, WI US","43.1405","-89.3452","264.0","2021-01-28","0.0",",,W,2400","0.0",",,W","250.0",",,W,2400","-14.8","H,,S"
"USW00014837","MADISON DANE CO REGIONAL AIRPORT, WI US","43.1405","-89.3452","264.0","2021-01-29","0.0",",,W,2400","0.0",",,W","250.0",",,W,2400","-10.3","H,,S"
"USW00014837","MADISON DANE CO REGIONAL AIRPORT, WI US","43.1405","-89.3452","264.0","2021-01-30","7.4",",,W,2400","71.0",",,W","250.0",",,W,2400","-2.4","H,,S"
"USW00014837","MADISON DANE CO REGIONAL AIRPORT, WI US","43.1405","-89.3452","264.0","2021-01-31","3.3",",,W,2400","41.0",",,W","250.0",",,W,2400","-1.6","H,,S"
"USW00014837","MADISON DANE CO REGIONAL AIRPORT, WI US","43.1405","-89.3452","264.0","2021-02-01","0.0",",,W,2400","0.0",",,W","250.0",",,W,2400","-4.9","H,,S"
"USW00014837","MADISON DANE CO REGIONAL AIRPORT, WI US","43.1405","-89.3452","264.0","2021-02-02","0.0","T,,W,2400","0.0","T,,W","250.0",",,W,2400","-4.4","H,,S"
"USW00014837","MADISON DANE CO REGIONAL AIRPORT, WI US","43.1405","-89.3452","264.0","2021-02-03","0.0",",,W,2400","0.0",",,W","250.0",",,W,2400","-10.2","H,,S"
"USW00014837","MADISON DANE CO REGIONAL AIRPORT, WI US","43.1405","-89.3452","264.0","2021-02-04","8.4",",,W,2400","89.0",",,W","250.0",",,W,2400","-1.6","H,,S"
"USW00014837","MADISON DANE CO REGIONAL AIRPORT, WI US","43.1405","-89.3452","264.0","2021-02-05","0.0","T,,W,2400","0.0","T,,W","330.0",",,W,2400","-10.6","H,,S"
"USW00014837","MADISON DANE CO REGIONAL AIRPORT, WI US","43.1405","-89.3452","264.0","2021-02-06","0.0",",,W,2400","0.0",",,W","330.0",",,W,2400","-15.7","H,,S"
"USW00014837","MADISON DANE CO REGIONAL AIRPORT, WI US","43.1405","-89.3452","264.0","2021-02-07","0.0",",,W,2400","0.0",",,W","330.0",",,W,2400","-20.9","H,,S"
"USW00014837","MADISON DANE CO REGIONAL AIRPORT, WI US","43.1405","-89.3452","264.0","2021-02-08","0.3",",,W,2400","5.0",",,W","330.0",",,W,2400","-17.8","H,,S"
"USW00014837","MADISON DANE CO REGIONAL AIRPORT, WI US","43.1405","-89.3452","264.0","2021-02-09","0.0",",,W,2400","0.0",",,W","330.0",",,W,2400","-19.8","H,,S"
"USW00014837","MADISON DANE CO REGIONAL AIRPORT, WI US","43.1405","-89.3452","264.0","2021-02-10","0.0",",,W,2400","0.0",",,W","300.0",",,W,2400","-17.4","H,,S"
"USW00014837","MADISON DANE CO REGIONAL AIRPORT, WI US","43.1405","-89.3452","264.0","2021-02-11","2.5",",,W,2400","38.0",",,W","330.0",",,W,2400","-18.4","H,,S"
"USW00014837","MADISON DANE CO REGIONAL AIRPORT, WI US","43.1405","-89.3452","264.0","2021-02-12","0.8",",,W,2400","8.0",",,W","330.0",",,W,2400","-16.6","H,,S"
"USW00014837","MADISON DANE CO REGIONAL AIRPORT, WI US","43.1405","-89.3452","264.0","2021-02-13","3.0",",,W,2400","51.0",",,W","330.0",",,W,2400","-18.9","H,,S"
"USW00014837","MADISON DANE CO REGIONAL AIRPORT, WI US","43.1405","-89.3452","264.0","2021-02-14","0.0",",,W,2400","0.0",",,W","380.0",",,W,2400","-21.7","H,,S"
"USW00014837","MADISON DANE CO REGIONAL AIRPORT, WI US","43.1405","-89.3452","264.0","2021-02-15","0.0","T,,W,2400","0.0","T,,W","380.0",",,W,2400","-20.7","H,,S"
"USW00014837","MADISON DANE CO REGIONAL AIRPORT, WI US","43.1405","-89.3452","264.0","2021-02-16","0.8",",,W,2400","10.0",",,W","380.0",",,W,2400","-14.4","H,,S"
"USW00014837","MADISON DANE CO REGIONAL AIRPORT, WI US","43.1405","-89.3452","264.0","2021-02-17","0.0",",,W,2400","0.0",",,W","360.0",",,W,2400","-16.9","H,,S"
"USW00014837","MADISON DANE CO REGIONAL AIRPORT, WI US","43.1405","-89.3452","264.0","2021-02-18","0.0","T,,W,2400","0.0","T,,W","360.0",",,W,2400","-10.3","H,,S"
"USW00014837","MADISON DANE CO REGIONAL AIRPORT, WI US","43.1405","-89.3452","264.0","2021-02-19","0.0","T,,W,2400","0.0","T,,W","360.0",",,W,2400","-9.7","H,,S"
"USW00014837","MADISON DANE CO REGIONAL AIRPORT, WI US","43.1405","-89.3452","264.0","2021-02-20","0.0",",,W,2400","0.0",",,W","330.0",",,W,2400","-13.1","H,,S"
"USW00014837","MADISON DANE CO REGIONAL AIRPORT, WI US","43.1405","-89.3452","264.0","2021-02-21","6.1",",,W,2400","61.0",",,W","330.0",",,W,2400","-5.3","H,,S"
"USW00014837","MADISON DANE CO REGIONAL AIRPORT, WI US","43.1405","-89.3452","264.0","2021-02-22","0.0","T,,W,2400","3.0",",,W","410.0",",,W,2400","-1.6","H,,S"
"USW00014837","MADISON DANE CO REGIONAL AIRPORT, WI US","43.1405","-89.3452","264.0","2021-02-23","0.0",",,W,2400","0.0",",,W","360.0",",,W,2400","3.6","H,,S"
"USW00014837","MADISON DANE CO REGIONAL AIRPORT, WI US","43.1405","-89.3452","264.0","2021-02-24","0.0",",,W,2400","0.0",",,W","300.0",",,W,2400","2.9","H,,S"
"USW00014837","MADISON DANE CO REGIONAL AIRPORT, WI US","43.1405","-89.3452","264.0","2021-02-25","0.0",",,W,2400","0.0",",,W","280.0",",,W,2400","-1.8","H,,S"
"USW00014837","MADISON DANE CO REGIONAL AIRPORT, WI US","43.1405","-89.3452","264.0","2021-02-26","0.0","T,,D,2400","0.0","T,,W","280.0",",,W,2400","-1.1","H,,S"
"USW00014837","MADISON DANE CO REGIONAL AIRPORT, WI US","43.1405","-89.3452","264.0","2021-02-27","0.0",",,D,2400","0.0",",,W","280.0",",,W,2400","2.0","H,,S"
"USW00014837","MADISON DANE CO REGIONAL AIRPORT, WI US","43.1405","-89.3452","264.0","2021-02-28","0.0","T,,D,2400","0.0",",,W","250.0",",,W,2400","1.1","H,,S"
"USW00014837","MADISON DANE CO REGIONAL AIRPORT, WI US","43.1405","-89.3452","264.0","2021-03-01","0.0","T,,D,2400","0.0","T,,D","229.0",",,D,2400","-3.1","H,,S"
"USW00014837","MADISON DANE CO REGIONAL AIRPORT, WI US","43.1405","-89.3452","264.0","2021-03-02","0.0",",,D,2400","0.0",",,D","203.0",",,D,2400","-4.8","H,,S"
"USW00014837","MADISON DANE CO REGIONAL AIRPORT, WI US","43.1405","-89.3452","264.0","2021-03-03","0.0",",,D,2400","0.0",",,D","203.0",",,D,2400","2.9","H,,S"
"USW00014837","MADISON DANE CO REGIONAL AIRPORT, WI US","43.1405","-89.3452","264.0","2021-03-04","0.0",",,D,2400","0.0",",,D","152.0",",,D,2400","0.0","H,,S"
"USW00014837","MADISON DANE CO REGIONAL AIRPORT, WI US","43.1405","-89.3452","264.0","2021-03-05","0.0",",,D,2400","0.0",",,D","152.0",",,D,2400","-1.6","H,,S"
"USW00014837","MADISON DANE CO REGIONAL AIRPORT, WI US","43.1405","-89.3452","264.0","2021-03-06","0.0",",,D,2400","0.0",",,D","152.0",",,D,2400","0.3","H,,S"
"USW00014837","MADISON DANE CO REGIONAL AIRPORT, WI US","43.1405","-89.3452","264.0","2021-03-07","0.0",",,D,2400","0.0",",,D","152.0",",,D,2400","-0.6","H,,S"
"USW00014837","MADISON DANE CO REGIONAL AIRPORT, WI US","43.1405","-89.3452","264.0","2021-03-08","0.0",",,D,2400","0.0",",,D","76.0",",,D,2400","8.3","H,,S"
"USW00014837","MADISON DANE CO REGIONAL AIRPORT, WI US","43.1405","-89.3452","264.0","2021-03-09","0.0",",,D,2400","0.0",",,D","25.0",",,D,2400","6.3","H,,S"
"USW00014837","MADISON DANE CO REGIONAL AIRPORT, WI US","43.1405","-89.3452","264.0","2021-03-10","1.5",",,D,2400","0.0",",,D","0.0",",,D,2400","12.2","H,,S"
"USW00014837","MADISON DANE CO REGIONAL AIRPORT, WI US","43.1405","-89.3452","264.0","2021-03-11","0.0",",,D,2400","0.0",",,D","0.0",",,D,2400","8.4","H,,S"
"USW00014837","MADISON DANE CO REGIONAL AIRPORT, WI US","43.1405","-89.3452","264.0","2021-03-12","0.0",",,D,2400","0.0",",,D","0.0",",,D,2400","4.2","H,,S"
"USW00014837","MADISON DANE CO REGIONAL AIRPORT, WI US","43.1405","-89.3452","264.0","2021-03-13","0.0",",,D,2400","0.0",",,D","0.0",",,D,2400","2.7","H,,S"
"USW00014837","MADISON DANE CO REGIONAL AIRPORT, WI US","43.1405","-89.3452","264.0","2021-03-14","0.0",",,D,2400","0.0",",,D","0.0",",,D,2400","4.6","H,,S"
"USW00014837","MADISON DANE CO REGIONAL AIRPORT, WI US","43.1405","-89.3452","264.0","2021-03-15","5.6",",,D,2400","51.0",",,D","0.0",",,D,2400","-0.7","H,,S"
"USW00014837","MADISON DANE CO REGIONAL AIRPORT, WI US","43.1405","-89.3452","264.0","2021-03-16","0.0",",,D,2400","0.0",",,D","25.0",",,D,2400","-0.6","H,,S"
"USW00014837","MADISON DANE CO REGIONAL AIRPORT, WI US","43.1405","-89.3452","264.0","2021-03-17","4.3",",,D,2400","0.0","T,,D","0.0","T,,D,2400","0.7","H,,S"
"USW00014837","MADISON DANE CO REGIONAL AIRPORT, WI US","43.1405","-89.3452","264.0","2021-03-18","0.0",",,D,2400","0.0",",,D","0.0",",,D,2400","2.8","H,,S"
"USW00014837","MADISON DANE CO REGIONAL AIRPORT, WI US","43.1405","-89.3452","264.0","2021-03-19","0.0",",,D,2400","0.0",",,D","0.0",",,D,2400","2.1","H,,S"
"USW00014837","MADISON DANE CO REGIONAL AIRPORT, WI US","43.1405","-89.3452","264.0","2021-03-20","0.0",",,D,2400","0.0",",,D","0.0",",,D,2400","4.6","H,,S"
"USW00014837","MADISON DANE CO REGIONAL AIRPORT, WI US","43.1405","-89.3452","264.0","2021-03-21","0.0",",,D,2400","0.0",",,D","0.0",",,D,2400","8.9","H,,S"
"USW00014837","MADISON DANE CO REGIONAL AIRPORT, WI US","43.1405","-89.3452","264.0","2021-03-22","0.0","T,,D,2400","0.0",",,D","0.0",",,D,2400","11.4","H,,S"
"USW00014837","MADISON DANE CO REGIONAL AIRPORT, WI US","43.1405","-89.3452","264.0","2021-03-23","16.5",",,D,2400","0.0",",,D","0.0",",,D,2400","9.6","H,,S"
"USW00014837","MADISON DANE CO REGIONAL AIRPORT, WI US","43.1405","-89.3452","264.0","2021-03-24","2.5",",,D,2400","0.0",",,D","0.0",",,D,2400","9.9","H,,S"
"USW00014837","MADISON DANE CO REGIONAL AIRPORT, WI US","43.1405","-89.3452","264.0","2021-03-25","0.3",",,D,2400","0.0",",,D","0.0",",,D,2400","5.9","H,,S"
"USW00014837","MADISON DANE CO REGIONAL AIRPORT, WI US","43.1405","-89.3452","264.0","2021-03-26","0.3",",,D,2400","0.0","T,,D","0.0",",,D,2400","2.8","H,,S"
"USW00014837","MADISON DANE CO REGIONAL AIRPORT, WI US","43.1405","-89.3452","264.0","2021-03-27","4.8",",,D,2400","0.0",",,D","0.0",",,D,2400","5.7","H,,S"
"USW00014837","MADISON DANE CO REGIONAL AIRPORT, WI US","43.1405","-89.3452","264.0","2021-03-28","0.0","T,,D,2400","0.0","T,,D","0.0",",,D,2400","4.5","H,,S"
"USW00014837","MADISON DANE CO REGIONAL AIRPORT, WI US","43.1405","-89.3452","264.0","2021-03-29","0.0",",,D,2400","0.0",",,D","0.0",",,D,2400","5.7","H,,S"
"USW00014837","MADISON DANE CO REGIONAL AIRPORT, WI US","43.1405","-89.3452","264.0","2021-03-30","0.0",",,D,2400","0.0",",,D","0.0",",,D,2400","12.2","H,,S"
"USW00014837","MADISON DANE CO REGIONAL AIRPORT, WI US","43.1405","-89.3452","264.0","2021-03-31","0.0",",,D,2400","0.0",",,D","0.0",",,D,2400","2.2","H,,S"
"USW00014837","MADISON DANE CO REGIONAL AIRPORT, WI US","43.1405","-89.3452","264.0","2021-04-01","0.0",",,D,2400","0.0",",,D","0.0",",,D,2400","-1.2","H,,S"
"USW00014837","MADISON DANE CO REGIONAL AIRPORT, WI US","43.1405","-89.3452","264.0","2021-04-02","0.0",",,D,2400","0.0",",,D","0.0",",,D,2400","-1.9","H,,S"
"USW00014837","MADISON DANE CO REGIONAL AIRPORT, WI US","43.1405","-89.3452","264.0","2021-04-03","0.0",",,D,2400","0.0",",,D","0.0",",,D,2400",,
